order_id,product_id,quantity,price
ORD2000,PROD6,2,39.99
ORD2000,PROD7,3,34.99
ORD2001,PROD5,3,44.99
ORD2001,PROD8,1,29.99
ORD2002,PROD11,3,39.99
ORD2002,PROD4,2,39.99
ORD2003,PROD15,3,34.99
ORD2003,PROD1,1,39.99
ORD2003,PROD19,1,34.99
ORD2004,PROD18,2,34.99
ORD2004,PROD9,3,44.99
ORD2004,PROD19,1,39.99
ORD2004,PROD3,1,39.99
ORD2005,PROD9,2,44.99
ORD2005,PROD19,3,34.99
ORD2005,PROD13,3,29.99
ORD2005,PROD7,2,29.99
ORD2006,PROD19,2,29.99
ORD2006,PROD1,1,44.99
ORD2006,PROD10,3,34.99
ORD2007,PROD9,1,29.99
ORD2008,PROD11,3,29.99
ORD2008,PROD8,2,44.99
ORD2008,PROD15,3,34.99
ORD2008,PROD10,1,39.99
ORD2009,PROD20,1,34.99
ORD2009,PROD2,2,29.99
ORD2009,PROD6,2,29.99
ORD2010,PROD15,3,29.99
ORD2010,PROD16,3,34.99
ORD2011,PROD3,1,44.99
ORD2011,PROD17,3,29.99
ORD2011,PROD9,3,29.99
ORD2011,PROD10,3,34.99
ORD2012,PROD2,3,39.99
ORD2013,PROD2,2,29.99
ORD2014,PROD9,3,44.99
ORD2014,PROD1,3,29.99
ORD2014,PROD8,2,34.99
ORD2015,PROD11,2,44.99
ORD2015,PROD2,1,34.99
ORD2015,PROD9,1,29.99
ORD2016,PROD12,1,29.99
ORD2016,PROD11,2,44.99
ORD2016,PROD5,3,29.99
ORD2016,PROD19,3,34.99
ORD2017,PROD11,2,29.99
ORD2017,PROD14,2,44.99
ORD2018,PROD10,3,44.99
ORD2018,PROD2,3,29.99
ORD2018,PROD4,3,44.99
ORD2018,PROD19,2,34.99
ORD2019,PROD12,3,39.99
ORD2019,PROD19,1,39.99
ORD2020,PROD17,2,34.99
ORD2021,PROD14,2,29.99
ORD2021,PROD15,2,29.99
ORD2021,PROD4,3,34.99
ORD2021,PROD2,3,44.99
ORD2022,PROD9,3,44.99
ORD2022,PROD15,1,39.99
ORD2022,PROD18,2,34.99
ORD2022,PROD20,3,34.99
ORD2023,PROD7,3,34.99
ORD2024,PROD8,3,39.99
ORD2024,PROD19,3,29.99
ORD2025,PROD3,2,44.99
ORD2026,PROD2,2,29.99
ORD2026,PROD11,1,39.99
ORD2026,PROD9,2,44.99
ORD2026,PROD17,2,39.99
ORD2027,PROD18,2,44.99
ORD2027,PROD20,2,34.99
ORD2028,PROD5,2,39.99
ORD2028,PROD3,3,44.99
ORD2029,PROD17,1,34.99
ORD2029,PROD12,1,29.99
ORD2030,PROD2,3,29.99
ORD2030,PROD19,2,39.99
ORD2030,PROD10,2,34.99
ORD2031,PROD6,2,44.99
ORD2032,PROD2,2,29.99
ORD2033,PROD7,1,44.99
ORD2034,PROD12,3,29.99
ORD2035,PROD18,1,29.99
ORD2036,PROD10,2,34.99
ORD2036,PROD14,3,34.99
ORD2036,PROD16,3,29.99
ORD2036,PROD17,2,34.99
ORD2037,PROD3,1,44.99
ORD2038,PROD18,2,34.99
ORD2038,PROD12,1,29.99
ORD2039,PROD8,1,44.99
ORD2039,PROD13,2,44.99
ORD2040,PROD11,1,44.99
ORD2040,PROD3,2,44.99
ORD2040,PROD6,1,39.99
ORD2040,PROD13,2,39.99
ORD2041,PROD7,3,29.99
ORD2041,PROD14,3,44.99
ORD2041,PROD1,3,29.99
ORD2041,PROD6,3,29.99
ORD2042,PROD11,1,44.99
ORD2042,PROD5,3,29.99
ORD2042,PROD16,2,39.99
ORD2042,PROD18,1,39.99
ORD2043,PROD19,1,44.99
ORD2043,PROD6,3,39.99
ORD2044,PROD4,1,44.99
ORD2044,PROD8,3,44.99
ORD2044,PROD3,3,44.99
ORD2045,PROD13,3,39.99
ORD2045,PROD11,1,39.99
ORD2045,PROD20,2,44.99
ORD2045,PROD14,3,29.99
ORD2046,PROD9,3,29.99
ORD2047,PROD2,1,29.99
ORD2047,PROD12,2,29.99
ORD2048,PROD16,3,34.99
ORD2048,PROD19,3,44.99
ORD2048,PROD4,3,34.99
ORD2048,PROD18,2,44.99
ORD2049,PROD5,3,44.99
ORD2050,PROD15,3,29.99
ORD2051,PROD1,3,29.99
ORD2051,PROD5,2,34.99
ORD2052,PROD9,1,34.99
ORD2052,PROD6,2,44.99
ORD2053,PROD20,3,44.99
ORD2053,PROD13,2,29.99
ORD2053,PROD7,2,34.99
ORD2054,PROD8,1,34.99
ORD2054,PROD9,3,44.99
ORD2055,PROD7,2,44.99
ORD2055,PROD18,3,44.99
ORD2055,PROD13,1,44.99
ORD2056,PROD1,1,44.99
ORD2056,PROD4,3,34.99
ORD2057,PROD7,3,29.99
ORD2057,PROD13,2,39.99
ORD2057,PROD17,1,44.99
ORD2058,PROD7,2,39.99
ORD2059,PROD18,1,39.99
ORD2060,PROD17,3,44.99
ORD2061,PROD12,2,44.99
ORD2062,PROD17,2,39.99
ORD2062,PROD19,1,34.99
ORD2063,PROD20,2,29.99
ORD2063,PROD4,1,29.99
ORD2064,PROD17,1,39.99
ORD2064,PROD7,1,29.99
ORD2064,PROD9,2,29.99
ORD2065,PROD18,1,39.99
ORD2065,PROD14,2,39.99
ORD2066,PROD11,3,29.99
ORD2066,PROD19,2,39.99
ORD2067,PROD16,2,39.99
ORD2067,PROD6,1,29.99
ORD2067,PROD3,2,44.99
ORD2067,PROD2,2,29.99
ORD2068,PROD8,2,34.99
ORD2069,PROD12,1,39.99
ORD2069,PROD4,3,39.99
ORD2069,PROD3,3,44.99
ORD2069,PROD10,2,29.99
ORD2070,PROD1,3,44.99
ORD2070,PROD13,2,29.99
ORD2071,PROD19,1,34.99
ORD2072,PROD6,3,29.99
ORD2072,PROD4,3,39.99
ORD2073,PROD12,3,39.99
ORD2073,PROD2,2,44.99
ORD2074,PROD8,2,34.99
ORD2074,PROD20,2,29.99
ORD2074,PROD11,1,39.99
ORD2075,PROD3,2,44.99
ORD2075,PROD11,1,44.99
ORD2075,PROD17,1,34.99
ORD2076,PROD5,2,44.99
ORD2076,PROD15,1,39.99
ORD2077,PROD2,2,39.99
ORD2077,PROD12,2,34.99
ORD2078,PROD14,1,44.99
ORD2078,PROD1,3,44.99
ORD2078,PROD8,1,34.99
ORD2079,PROD5,2,34.99
ORD2079,PROD14,1,39.99
ORD2079,PROD6,1,29.99
ORD2079,PROD3,3,44.99
ORD2080,PROD12,2,39.99
ORD2081,PROD9,3,39.99
ORD2082,PROD16,3,44.99
ORD2082,PROD10,1,34.99
ORD2082,PROD18,1,44.99
ORD2083,PROD2,1,34.99
ORD2083,PROD7,2,34.99
ORD2083,PROD12,1,44.99
ORD2083,PROD9,3,44.99
ORD2084,PROD20,2,29.99
ORD2085,PROD14,1,29.99
ORD2086,PROD13,2,44.99
ORD2086,PROD8,3,29.99
ORD2086,PROD1,1,39.99
ORD2087,PROD12,2,44.99
ORD2087,PROD3,2,29.99
ORD2087,PROD18,1,39.99
ORD2088,PROD7,2,29.99
ORD2088,PROD17,2,39.99
ORD2088,PROD19,2,39.99
ORD2089,PROD2,1,44.99
ORD2089,PROD18,2,29.99
ORD2089,PROD16,1,44.99
ORD2090,PROD2,3,34.99
ORD2091,PROD5,2,34.99
ORD2091,PROD1,3,39.99
ORD2091,PROD8,2,34.99
ORD2092,PROD14,3,44.99
ORD2092,PROD19,3,39.99
ORD2093,PROD9,2,44.99
ORD2093,PROD1,2,39.99
ORD2093,PROD10,3,29.99
ORD2094,PROD11,2,44.99
ORD2094,PROD12,3,39.99
ORD2094,PROD15,1,34.99
ORD2095,PROD19,1,39.99
ORD2095,PROD5,1,34.99
ORD2095,PROD10,1,44.99
ORD2095,PROD1,1,44.99
ORD2096,PROD11,3,29.99
ORD2096,PROD2,1,39.99
ORD2096,PROD14,2,34.99
ORD2096,PROD8,3,29.99
ORD2097,PROD10,2,39.99
ORD2097,PROD4,2,39.99
ORD2097,PROD5,3,34.99
ORD2098,PROD11,2,39.99
ORD2099,PROD6,3,29.99
ORD2100,PROD12,1,34.99
ORD2100,PROD6,2,44.99
ORD2100,PROD9,3,39.99
ORD2101,PROD11,3,29.99
ORD2102,PROD4,3,44.99
ORD2103,PROD7,3,34.99
ORD2103,PROD4,1,39.99
ORD2104,PROD11,1,39.99
ORD2105,PROD16,2,34.99
ORD2105,PROD18,3,44.99
ORD2105,PROD6,3,29.99
ORD2106,PROD1,2,39.99
ORD2106,PROD18,1,44.99
ORD2106,PROD5,1,39.99
ORD2106,PROD17,1,29.99
ORD2107,PROD7,3,44.99
ORD2108,PROD11,2,44.99
ORD2108,PROD13,3,44.99
ORD2108,PROD14,1,39.99
ORD2108,PROD19,1,44.99
ORD2109,PROD7,2,29.99
ORD2109,PROD2,3,29.99
ORD2109,PROD10,2,29.99
ORD2110,PROD6,3,44.99
ORD2110,PROD14,1,34.99
ORD2110,PROD12,3,44.99
ORD2111,PROD15,2,34.99
ORD2112,PROD17,1,44.99
ORD2113,PROD7,1,29.99
ORD2113,PROD17,1,44.99
ORD2113,PROD4,3,34.99
ORD2114,PROD4,2,29.99
ORD2114,PROD9,2,34.99
ORD2115,PROD8,1,34.99
ORD2115,PROD2,3,44.99
ORD2115,PROD18,1,39.99
ORD2116,PROD13,2,34.99
ORD2116,PROD14,1,29.99
ORD2117,PROD17,2,29.99
ORD2118,PROD4,2,44.99
ORD2119,PROD13,3,44.99
ORD2119,PROD1,3,29.99
ORD2120,PROD13,1,39.99
ORD2120,PROD18,1,39.99
ORD2120,PROD2,2,44.99
ORD2121,PROD15,2,29.99
ORD2121,PROD16,2,29.99
ORD2122,PROD8,3,44.99
ORD2122,PROD11,1,44.99
ORD2123,PROD4,2,29.99
ORD2124,PROD14,3,44.99
ORD2124,PROD1,2,39.99
ORD2124,PROD17,2,44.99
ORD2125,PROD3,1,39.99
ORD2125,PROD10,3,34.99
ORD2125,PROD6,1,44.99
ORD2126,PROD11,2,39.99
ORD2126,PROD8,2,29.99
ORD2127,PROD1,3,39.99
ORD2127,PROD10,3,44.99
ORD2127,PROD9,3,29.99
ORD2127,PROD12,2,34.99
ORD2128,PROD16,3,44.99
ORD2128,PROD5,2,39.99
ORD2128,PROD14,3,29.99
ORD2129,PROD8,1,39.99
ORD2130,PROD6,3,39.99
ORD2131,PROD14,3,44.99
ORD2131,PROD6,2,29.99
ORD2131,PROD13,2,39.99
ORD2131,PROD8,2,34.99
ORD2132,PROD14,2,29.99
ORD2133,PROD7,2,29.99
ORD2134,PROD17,1,44.99
ORD2135,PROD1,1,29.99
ORD2136,PROD7,3,29.99
ORD2136,PROD12,2,29.99
ORD2136,PROD10,1,34.99
ORD2136,PROD5,2,39.99
ORD2137,PROD20,2,29.99
ORD2137,PROD17,2,44.99
ORD2138,PROD6,3,44.99
ORD2138,PROD9,3,44.99
ORD2138,PROD19,1,29.99
ORD2139,PROD12,2,44.99
ORD2140,PROD12,1,34.99
ORD2140,PROD17,1,44.99
ORD2140,PROD9,3,39.99
ORD2140,PROD18,2,39.99
ORD2141,PROD8,2,34.99
ORD2142,PROD16,3,34.99
ORD2142,PROD1,1,44.99
ORD2142,PROD10,1,34.99
ORD2142,PROD14,1,29.99
ORD2143,PROD14,2,39.99
ORD2143,PROD5,3,44.99
ORD2143,PROD1,1,34.99
ORD2144,PROD14,1,44.99
ORD2144,PROD13,2,29.99
ORD2144,PROD5,1,34.99
ORD2144,PROD19,1,34.99
ORD2145,PROD12,2,44.99
ORD2145,PROD7,1,44.99
ORD2146,PROD8,2,34.99
ORD2146,PROD5,2,29.99
ORD2146,PROD2,3,29.99
ORD2146,PROD7,1,44.99
ORD2147,PROD12,2,44.99
ORD2147,PROD16,1,39.99
ORD2148,PROD3,2,29.99
ORD2148,PROD11,3,34.99
ORD2148,PROD8,2,39.99
ORD2149,PROD18,2,39.99
ORD2149,PROD17,1,39.99
ORD2150,PROD8,2,44.99
ORD2150,PROD12,3,34.99
ORD2151,PROD10,2,29.99
ORD2151,PROD4,3,44.99
ORD2152,PROD17,3,34.99
ORD2152,PROD4,1,39.99
ORD2153,PROD9,3,29.99
ORD2154,PROD19,3,34.99
ORD2155,PROD4,1,39.99
ORD2155,PROD8,2,44.99
ORD2156,PROD10,2,39.99
ORD2156,PROD16,3,44.99
ORD2157,PROD17,3,44.99
ORD2157,PROD11,3,29.99
ORD2158,PROD19,2,34.99
ORD2158,PROD13,2,34.99
ORD2158,PROD7,1,44.99
ORD2159,PROD6,3,39.99
ORD2159,PROD7,1,39.99
ORD2159,PROD19,2,29.99
ORD2159,PROD20,2,44.99
ORD2160,PROD1,1,29.99
ORD2160,PROD6,2,44.99
ORD2160,PROD4,1,34.99
ORD2161,PROD15,1,34.99
ORD2162,PROD18,2,39.99
ORD2163,PROD18,1,34.99
ORD2163,PROD4,2,44.99
ORD2163,PROD14,1,44.99
ORD2163,PROD16,1,29.99
ORD2164,PROD11,1,29.99
ORD2164,PROD17,3,39.99
ORD2165,PROD7,2,34.99
ORD2165,PROD1,1,39.99
ORD2165,PROD8,3,29.99
ORD2165,PROD4,2,34.99
ORD2166,PROD14,1,34.99
ORD2167,PROD14,2,29.99
ORD2167,PROD4,2,39.99
ORD2167,PROD15,1,34.99
ORD2168,PROD13,3,39.99
ORD2169,PROD18,3,34.99
ORD2169,PROD14,1,39.99
ORD2170,PROD20,3,44.99
ORD2170,PROD7,1,44.99
ORD2170,PROD1,3,39.99
ORD2170,PROD6,3,44.99
ORD2171,PROD15,2,34.99
ORD2172,PROD1,1,39.99
ORD2173,PROD20,3,39.99
ORD2174,PROD9,2,39.99
ORD2174,PROD6,2,29.99
ORD2174,PROD13,2,39.99
ORD2175,PROD7,1,44.99
ORD2176,PROD2,3,44.99
ORD2176,PROD14,3,44.99
ORD2176,PROD10,3,29.99
ORD2176,PROD18,3,29.99
ORD2177,PROD8,2,44.99
ORD2177,PROD18,2,29.99
ORD2177,PROD3,3,44.99
ORD2177,PROD14,3,29.99
ORD2178,PROD11,1,44.99
ORD2178,PROD20,2,39.99
ORD2178,PROD9,2,29.99
ORD2178,PROD13,3,39.99
ORD2179,PROD11,2,44.99
ORD2179,PROD16,2,39.99
ORD2179,PROD7,1,39.99
ORD2179,PROD1,2,44.99
ORD2180,PROD10,3,39.99
ORD2180,PROD5,3,44.99
ORD2180,PROD4,2,39.99
ORD2181,PROD6,1,34.99
ORD2181,PROD8,3,34.99
ORD2182,PROD13,1,29.99
ORD2182,PROD14,2,44.99
ORD2183,PROD6,3,29.99
ORD2184,PROD9,2,39.99
ORD2185,PROD14,3,29.99
ORD2185,PROD18,2,29.99
ORD2185,PROD5,1,39.99
ORD2185,PROD1,3,44.99
ORD2186,PROD7,2,44.99
ORD2186,PROD16,3,39.99
ORD2186,PROD5,3,29.99
ORD2187,PROD16,2,29.99
ORD2187,PROD20,2,34.99
ORD2187,PROD5,3,39.99
ORD2187,PROD12,3,44.99
ORD2188,PROD19,3,44.99
ORD2188,PROD11,2,44.99
ORD2188,PROD8,2,39.99
ORD2189,PROD17,3,29.99
ORD2189,PROD6,2,34.99
ORD2189,PROD2,3,34.99
ORD2190,PROD17,3,34.99
ORD2190,PROD11,2,34.99
ORD2191,PROD2,1,29.99
ORD2192,PROD17,3,44.99
ORD2193,PROD3,3,29.99
ORD2193,PROD18,1,34.99
ORD2194,PROD6,3,39.99
ORD2194,PROD16,2,39.99
ORD2194,PROD13,3,29.99
ORD2194,PROD3,1,39.99
ORD2195,PROD3,3,44.99
ORD2195,PROD4,1,29.99
ORD2195,PROD13,1,34.99
ORD2196,PROD3,2,39.99
ORD2196,PROD6,3,34.99
ORD2197,PROD11,3,34.99
ORD2197,PROD6,1,34.99
ORD2198,PROD13,1,39.99
ORD2199,PROD14,2,39.99
ORD2200,PROD13,2,34.99
ORD2200,PROD17,3,34.99
ORD2201,PROD9,3,39.99
ORD2201,PROD3,2,39.99
ORD2201,PROD5,2,29.99
ORD2202,PROD5,2,44.99
ORD2202,PROD6,1,34.99
ORD2202,PROD1,3,44.99
ORD2203,PROD10,3,34.99
ORD2204,PROD8,1,39.99
ORD2204,PROD4,1,29.99
ORD2204,PROD6,3,34.99
ORD2205,PROD4,3,44.99
ORD2205,PROD14,1,29.99
ORD2205,PROD16,3,39.99
ORD2206,PROD8,3,29.99
ORD2206,PROD16,3,34.99
ORD2206,PROD9,1,34.99
ORD2207,PROD7,1,29.99
ORD2207,PROD1,1,44.99
ORD2207,PROD15,1,34.99
ORD2207,PROD20,2,44.99
ORD2208,PROD9,1,39.99
ORD2208,PROD1,1,34.99
ORD2209,PROD5,1,34.99
ORD2210,PROD8,3,29.99
ORD2211,PROD14,2,39.99
ORD2212,PROD6,2,44.99
ORD2213,PROD19,2,29.99
ORD2213,PROD4,2,44.99
ORD2213,PROD18,3,39.99
ORD2214,PROD9,1,34.99
ORD2214,PROD10,3,44.99
ORD2215,PROD6,3,39.99
ORD2215,PROD15,1,34.99
ORD2216,PROD2,1,44.99
ORD2217,PROD15,2,29.99
ORD2217,PROD8,3,39.99
ORD2218,PROD17,2,39.99
ORD2219,PROD16,3,34.99
ORD2219,PROD20,1,39.99
ORD2219,PROD8,2,34.99
ORD2219,PROD12,3,29.99
ORD2220,PROD16,2,39.99
ORD2221,PROD13,1,39.99
ORD2222,PROD5,3,34.99
ORD2222,PROD12,1,39.99
ORD2223,PROD9,2,34.99
ORD2223,PROD5,1,34.99
ORD2223,PROD19,1,44.99
ORD2224,PROD10,3,39.99
ORD2224,PROD6,3,34.99
ORD2224,PROD19,2,44.99
ORD2225,PROD20,2,29.99
ORD2226,PROD18,2,34.99
ORD2227,PROD20,3,39.99
ORD2227,PROD13,1,44.99
ORD2227,PROD8,3,29.99
ORD2227,PROD18,3,44.99
ORD2228,PROD4,1,29.99
ORD2228,PROD2,3,44.99
ORD2229,PROD4,3,34.99
ORD2229,PROD19,1,44.99
ORD2229,PROD11,1,44.99
ORD2230,PROD8,1,34.99
ORD2230,PROD13,3,39.99
ORD2230,PROD15,2,34.99
ORD2231,PROD10,3,44.99
ORD2231,PROD11,2,34.99
ORD2231,PROD1,3,29.99
ORD2232,PROD2,1,39.99
ORD2232,PROD10,3,39.99
ORD2232,PROD13,1,39.99
ORD2233,PROD8,3,44.99
ORD2233,PROD14,3,34.99
ORD2233,PROD4,1,39.99
ORD2234,PROD1,3,34.99
ORD2234,PROD19,2,29.99
ORD2234,PROD12,1,44.99
ORD2235,PROD3,2,29.99
ORD2235,PROD5,3,29.99
ORD2235,PROD20,1,29.99
ORD2235,PROD19,1,44.99
ORD2236,PROD14,3,29.99
ORD2236,PROD8,1,34.99
ORD2236,PROD5,3,34.99
ORD2237,PROD9,3,39.99
ORD2237,PROD1,2,29.99
ORD2238,PROD11,2,29.99
ORD2239,PROD7,3,29.99
ORD2239,PROD2,3,34.99
ORD2240,PROD7,2,44.99
ORD2240,PROD19,3,29.99
ORD2241,PROD17,2,34.99
ORD2242,PROD19,2,44.99
ORD2242,PROD12,1,29.99
ORD2242,PROD15,2,34.99
ORD2242,PROD6,2,39.99
ORD2243,PROD8,2,39.99
ORD2244,PROD13,2,44.99
ORD2244,PROD7,1,34.99
ORD2244,PROD15,1,44.99
ORD2245,PROD14,2,44.99
ORD2245,PROD16,2,34.99
ORD2245,PROD20,3,44.99
ORD2245,PROD8,3,39.99
ORD2246,PROD15,3,44.99
ORD2246,PROD6,3,29.99
ORD2247,PROD8,3,39.99
ORD2247,PROD20,2,44.99
ORD2247,PROD1,3,34.99
ORD2247,PROD12,2,34.99
ORD2248,PROD17,1,44.99
ORD2249,PROD7,2,29.99
ORD2249,PROD16,2,29.99
ORD2250,PROD2,2,44.99
ORD2251,PROD4,3,39.99
ORD2251,PROD18,2,34.99
ORD2251,PROD8,2,34.99
ORD2251,PROD14,2,44.99
ORD2252,PROD3,1,29.99
ORD2252,PROD12,1,39.99
ORD2252,PROD1,2,29.99
ORD2252,PROD16,1,34.99
ORD2253,PROD14,1,44.99
ORD2253,PROD4,3,29.99
ORD2253,PROD18,1,39.99
ORD2253,PROD15,2,39.99
ORD2254,PROD16,1,39.99
ORD2254,PROD14,2,34.99
ORD2255,PROD13,2,34.99
ORD2256,PROD19,1,34.99
ORD2257,PROD7,1,34.99
ORD2258,PROD8,3,39.99
ORD2259,PROD11,3,44.99
ORD2259,PROD10,1,44.99
ORD2259,PROD15,1,34.99
ORD2259,PROD5,3,44.99
ORD2260,PROD7,1,29.99
ORD2260,PROD1,3,39.99
ORD2260,PROD3,1,34.99
ORD2260,PROD19,3,39.99
ORD2261,PROD13,2,44.99
ORD2261,PROD10,1,34.99
ORD2261,PROD6,3,39.99
ORD2261,PROD11,3,39.99
ORD2262,PROD6,3,29.99
ORD2262,PROD10,3,29.99
ORD2262,PROD17,3,34.99
ORD2263,PROD18,3,39.99
ORD2263,PROD3,3,29.99
ORD2264,PROD5,2,39.99
ORD2265,PROD3,1,34.99
ORD2265,PROD17,3,39.99
ORD2265,PROD9,1,44.99
ORD2266,PROD11,1,39.99
ORD2266,PROD8,1,44.99
ORD2266,PROD6,3,34.99
ORD2267,PROD18,1,29.99
ORD2267,PROD4,2,29.99
ORD2267,PROD11,3,34.99
ORD2267,PROD6,2,29.99
ORD2268,PROD12,3,29.99
ORD2268,PROD11,2,29.99
ORD2268,PROD17,2,34.99
ORD2268,PROD18,2,34.99
ORD2269,PROD9,1,34.99
ORD2269,PROD15,3,39.99
ORD2270,PROD13,3,29.99
ORD2270,PROD6,2,29.99
ORD2271,PROD4,3,39.99
ORD2271,PROD18,1,44.99
ORD2272,PROD14,1,34.99
ORD2272,PROD3,3,34.99
ORD2272,PROD4,1,29.99
ORD2272,PROD12,2,44.99
ORD2273,PROD13,2,34.99
ORD2273,PROD5,3,39.99
ORD2274,PROD17,1,44.99
ORD2274,PROD11,1,29.99
ORD2275,PROD12,3,29.99
ORD2275,PROD14,3,34.99
ORD2275,PROD5,3,44.99
ORD2275,PROD4,1,29.99
ORD2276,PROD17,3,29.99
ORD2276,PROD10,1,34.99
ORD2276,PROD8,3,44.99
ORD2276,PROD7,1,29.99
ORD2277,PROD5,2,44.99
ORD2277,PROD18,2,34.99
ORD2277,PROD6,3,39.99
ORD2278,PROD4,2,34.99
ORD2279,PROD9,3,29.99
ORD2279,PROD19,2,44.99
ORD2279,PROD17,2,34.99
ORD2279,PROD16,2,34.99
ORD2280,PROD4,2,29.99
ORD2280,PROD10,3,39.99
ORD2280,PROD12,3,29.99
ORD2281,PROD17,2,44.99
ORD2281,PROD14,1,34.99
ORD2281,PROD12,1,44.99
ORD2281,PROD4,1,29.99
ORD2282,PROD11,1,29.99
ORD2282,PROD10,1,44.99
ORD2283,PROD6,1,29.99
ORD2284,PROD12,2,29.99
ORD2284,PROD15,1,39.99
ORD2284,PROD14,3,29.99
ORD2285,PROD10,2,39.99
ORD2286,PROD18,2,44.99
ORD2286,PROD17,3,29.99
ORD2286,PROD15,2,44.99
ORD2287,PROD18,1,44.99
ORD2288,PROD16,2,29.99
ORD2288,PROD15,3,34.99
ORD2288,PROD10,2,44.99
ORD2289,PROD3,3,34.99
ORD2289,PROD13,3,39.99
ORD2289,PROD1,1,39.99
ORD2290,PROD2,2,44.99
ORD2291,PROD5,1,34.99
ORD2291,PROD1,3,34.99
ORD2292,PROD2,1,34.99
ORD2292,PROD20,2,44.99
ORD2292,PROD1,2,44.99
ORD2292,PROD13,2,44.99
ORD2293,PROD19,3,34.99
ORD2293,PROD20,2,39.99
ORD2293,PROD3,2,39.99
ORD2294,PROD9,1,29.99
ORD2295,PROD19,3,39.99
ORD2295,PROD15,1,34.99
ORD2295,PROD20,2,39.99
ORD2296,PROD4,1,44.99
ORD2296,PROD15,3,44.99
ORD2297,PROD3,2,29.99
ORD2297,PROD9,1,44.99
ORD2297,PROD16,3,34.99
ORD2298,PROD13,2,34.99
ORD2298,PROD9,1,44.99
ORD2299,PROD6,3,44.99
ORD2299,PROD5,1,34.99
ORD2299,PROD4,1,44.99
ORD2300,PROD13,1,29.99
ORD2301,PROD20,1,29.99
ORD2301,PROD7,3,44.99
ORD2301,PROD19,2,29.99
ORD2301,PROD1,1,39.99
ORD2302,PROD4,1,44.99
ORD2303,PROD6,3,29.99
ORD2303,PROD15,3,39.99
ORD2303,PROD1,3,34.99
ORD2303,PROD13,3,29.99
ORD2304,PROD13,3,39.99
ORD2305,PROD16,2,44.99
ORD2305,PROD10,2,34.99
ORD2306,PROD6,1,39.99
ORD2307,PROD16,2,29.99
ORD2307,PROD2,3,39.99
ORD2307,PROD11,1,29.99
ORD2307,PROD5,3,39.99
ORD2308,PROD15,1,34.99
ORD2308,PROD13,3,29.99
ORD2309,PROD6,2,44.99
ORD2309,PROD7,1,29.99
ORD2310,PROD4,3,44.99
ORD2310,PROD17,3,34.99
ORD2310,PROD1,2,34.99
ORD2311,PROD6,1,39.99
ORD2312,PROD7,1,29.99
ORD2312,PROD1,1,34.99
ORD2312,PROD20,2,39.99
ORD2313,PROD8,3,29.99
ORD2313,PROD14,3,44.99
ORD2313,PROD5,2,44.99
ORD2314,PROD17,1,29.99
ORD2314,PROD15,1,34.99
ORD2314,PROD18,2,39.99
ORD2314,PROD20,3,34.99
ORD2315,PROD13,2,29.99
ORD2315,PROD3,1,44.99
ORD2315,PROD16,2,44.99
ORD2316,PROD11,3,29.99
ORD2316,PROD19,2,44.99
ORD2316,PROD17,3,39.99
ORD2316,PROD9,3,29.99
ORD2317,PROD12,2,34.99
ORD2318,PROD17,1,44.99
ORD2318,PROD3,3,34.99
ORD2318,PROD20,3,34.99
ORD2319,PROD2,2,29.99
ORD2319,PROD12,3,39.99
ORD2319,PROD16,2,39.99
ORD2319,PROD5,1,34.99
ORD2320,PROD18,1,29.99
ORD2321,PROD11,1,29.99
ORD2321,PROD4,1,39.99
ORD2321,PROD9,1,29.99
ORD2322,PROD14,1,44.99
ORD2322,PROD15,1,34.99
ORD2322,PROD12,2,34.99
ORD2323,PROD17,2,39.99
ORD2324,PROD3,1,39.99
ORD2324,PROD11,2,39.99
ORD2325,PROD13,1,34.99
ORD2325,PROD11,3,34.99
ORD2325,PROD6,2,39.99
ORD2325,PROD2,1,29.99
ORD2326,PROD15,2,34.99
ORD2326,PROD4,2,34.99
ORD2326,PROD6,1,29.99
ORD2326,PROD2,1,34.99
ORD2327,PROD15,2,44.99
ORD2327,PROD10,1,44.99
ORD2327,PROD13,3,44.99
ORD2327,PROD3,1,44.99
ORD2328,PROD10,2,34.99
ORD2329,PROD9,1,39.99
ORD2329,PROD17,1,29.99
ORD2329,PROD11,3,44.99
ORD2330,PROD11,2,29.99
ORD2330,PROD1,1,44.99
ORD2330,PROD5,2,44.99
ORD2330,PROD4,3,29.99
ORD2331,PROD17,2,34.99
ORD2331,PROD8,1,34.99
ORD2332,PROD13,3,39.99
ORD2332,PROD20,3,39.99
ORD2332,PROD17,3,29.99
ORD2332,PROD12,1,29.99
ORD2333,PROD9,2,44.99
ORD2333,PROD16,1,44.99
ORD2333,PROD3,3,44.99
ORD2334,PROD1,3,44.99
ORD2335,PROD3,2,39.99
ORD2335,PROD11,3,29.99
ORD2335,PROD17,3,34.99
ORD2335,PROD5,3,44.99
ORD2336,PROD12,1,39.99
ORD2336,PROD11,2,39.99
ORD2336,PROD1,3,29.99
ORD2337,PROD14,1,29.99
ORD2337,PROD13,2,44.99
ORD2337,PROD18,1,44.99
ORD2338,PROD11,3,29.99
ORD2338,PROD8,2,44.99
ORD2338,PROD4,3,39.99
ORD2338,PROD6,2,44.99
ORD2339,PROD17,1,34.99
ORD2339,PROD19,3,44.99
ORD2340,PROD18,3,39.99
ORD2340,PROD3,2,34.99
ORD2340,PROD8,1,34.99
ORD2341,PROD4,3,34.99
ORD2341,PROD9,2,44.99
ORD2342,PROD17,2,39.99
ORD2342,PROD11,3,44.99
ORD2342,PROD3,1,39.99
ORD2343,PROD4,3,39.99
ORD2344,PROD13,1,34.99
ORD2344,PROD10,3,34.99
ORD2344,PROD15,3,39.99
ORD2345,PROD9,3,44.99
ORD2346,PROD3,2,29.99
ORD2346,PROD8,3,39.99
ORD2346,PROD13,3,44.99
ORD2346,PROD10,2,44.99
ORD2347,PROD15,2,39.99
ORD2347,PROD20,2,39.99
ORD2348,PROD17,1,29.99
ORD2348,PROD20,1,39.99
ORD2349,PROD11,1,39.99
ORD2349,PROD13,1,39.99
ORD2349,PROD14,2,44.99
ORD2350,PROD10,2,44.99
ORD2350,PROD8,1,44.99
ORD2350,PROD5,2,44.99
ORD2351,PROD7,1,29.99
ORD2352,PROD2,3,29.99
ORD2352,PROD1,1,44.99
ORD2352,PROD17,2,29.99
ORD2353,PROD16,2,29.99
ORD2353,PROD5,1,39.99
ORD2353,PROD8,3,29.99
ORD2353,PROD1,3,44.99
ORD2354,PROD6,1,34.99
ORD2354,PROD5,2,29.99
ORD2354,PROD17,1,44.99
ORD2354,PROD19,3,39.99
ORD2355,PROD8,3,34.99
ORD2355,PROD5,3,29.99
ORD2355,PROD3,2,34.99
ORD2355,PROD6,2,44.99
ORD2356,PROD12,2,39.99
ORD2356,PROD3,1,39.99
ORD2357,PROD13,1,34.99
ORD2357,PROD5,2,44.99
ORD2357,PROD16,3,29.99
ORD2357,PROD18,3,44.99
ORD2358,PROD11,3,44.99
ORD2358,PROD14,3,29.99
ORD2359,PROD20,2,39.99
ORD2359,PROD10,2,29.99
ORD2359,PROD14,3,29.99
ORD2360,PROD17,1,29.99
ORD2360,PROD3,2,34.99
ORD2361,PROD13,2,44.99
ORD2362,PROD4,1,39.99
ORD2363,PROD7,2,34.99
ORD2363,PROD3,1,39.99
ORD2363,PROD19,2,44.99
ORD2364,PROD3,1,39.99
ORD2364,PROD8,2,44.99
ORD2364,PROD20,2,44.99
ORD2365,PROD13,2,29.99
ORD2365,PROD3,1,39.99
ORD2365,PROD20,3,44.99
ORD2366,PROD6,3,34.99
ORD2366,PROD18,2,44.99
ORD2367,PROD5,3,44.99
ORD2367,PROD4,3,34.99
ORD2367,PROD20,3,29.99
ORD2367,PROD3,2,44.99
ORD2368,PROD8,2,44.99
ORD2368,PROD16,3,34.99
ORD2368,PROD11,2,44.99
ORD2369,PROD7,2,29.99
ORD2370,PROD4,1,34.99
ORD2370,PROD18,2,34.99
ORD2370,PROD20,1,44.99
ORD2371,PROD8,2,34.99
ORD2371,PROD6,3,44.99
ORD2371,PROD16,1,44.99
ORD2372,PROD17,2,39.99
ORD2372,PROD20,2,44.99
ORD2372,PROD10,1,39.99
ORD2372,PROD12,2,29.99
ORD2373,PROD15,1,39.99
ORD2373,PROD18,1,29.99
ORD2374,PROD8,3,34.99
ORD2374,PROD2,1,29.99
ORD2374,PROD12,3,44.99
ORD2375,PROD5,2,29.99
ORD2375,PROD16,3,29.99
ORD2376,PROD12,2,34.99
ORD2376,PROD19,1,29.99
ORD2376,PROD10,1,34.99
ORD2376,PROD17,2,34.99
ORD2377,PROD17,2,29.99
ORD2378,PROD3,3,39.99
ORD2378,PROD16,1,39.99
ORD2379,PROD4,1,34.99
ORD2379,PROD2,1,29.99
ORD2379,PROD20,1,34.99
ORD2379,PROD3,1,34.99
ORD2380,PROD9,2,39.99
ORD2380,PROD11,3,29.99
ORD2380,PROD20,1,29.99
ORD2381,PROD16,1,44.99
ORD2382,PROD10,2,29.99
ORD2382,PROD4,3,44.99
ORD2382,PROD20,3,29.99
ORD2382,PROD16,2,34.99
ORD2383,PROD20,1,44.99
ORD2383,PROD8,3,44.99
ORD2384,PROD8,2,44.99
ORD2384,PROD7,2,29.99
ORD2385,PROD17,2,39.99
ORD2385,PROD19,3,34.99
ORD2386,PROD4,1,29.99
ORD2386,PROD11,2,29.99
ORD2386,PROD1,1,34.99
ORD2386,PROD5,2,34.99
ORD2387,PROD14,1,29.99
ORD2387,PROD17,2,39.99
ORD2387,PROD4,2,39.99
ORD2387,PROD9,2,34.99
ORD2388,PROD18,1,39.99
ORD2388,PROD6,3,39.99
ORD2388,PROD15,2,34.99
ORD2389,PROD7,1,44.99
ORD2390,PROD6,2,44.99
ORD2390,PROD18,1,29.99
ORD2390,PROD14,1,34.99
ORD2391,PROD15,3,44.99
ORD2392,PROD12,3,34.99
ORD2392,PROD16,2,39.99
ORD2393,PROD9,2,29.99
ORD2394,PROD6,1,39.99
ORD2394,PROD19,1,34.99
ORD2395,PROD11,1,44.99
ORD2396,PROD14,1,39.99
ORD2396,PROD10,2,44.99
ORD2396,PROD3,3,34.99
ORD2397,PROD11,1,29.99
ORD2397,PROD17,3,39.99
ORD2398,PROD6,2,34.99
ORD2399,PROD6,1,29.99
ORD2399,PROD13,1,29.99
ORD2400,PROD13,3,34.99
ORD2400,PROD8,1,34.99
ORD2401,PROD15,1,39.99
ORD2401,PROD2,3,29.99
ORD2402,PROD20,1,29.99
ORD2402,PROD7,1,34.99
ORD2403,PROD10,2,39.99
ORD2403,PROD4,1,34.99
ORD2403,PROD20,1,34.99
ORD2404,PROD4,2,39.99
ORD2404,PROD15,2,44.99
ORD2404,PROD9,2,44.99
ORD2404,PROD14,3,39.99
ORD2405,PROD17,3,34.99
ORD2406,PROD19,3,44.99
ORD2406,PROD10,3,34.99
ORD2406,PROD14,3,29.99
ORD2406,PROD17,1,39.99
ORD2407,PROD8,3,29.99
ORD2407,PROD3,1,39.99
ORD2407,PROD15,2,39.99
ORD2407,PROD11,2,44.99
ORD2408,PROD3,1,39.99
ORD2409,PROD20,2,39.99
ORD2409,PROD3,2,34.99
ORD2409,PROD9,1,44.99
ORD2409,PROD15,1,44.99
ORD2410,PROD13,2,39.99
ORD2410,PROD12,1,29.99
ORD2410,PROD11,3,34.99
ORD2411,PROD12,3,39.99
ORD2412,PROD10,1,44.99
ORD2412,PROD1,2,39.99
ORD2412,PROD12,1,34.99
ORD2412,PROD19,3,29.99
ORD2413,PROD9,1,29.99
ORD2413,PROD5,1,39.99
ORD2413,PROD4,1,34.99
ORD2414,PROD16,1,44.99
ORD2414,PROD1,3,29.99
ORD2414,PROD14,3,44.99
ORD2414,PROD7,3,44.99
ORD2415,PROD5,1,34.99
ORD2415,PROD14,1,44.99
ORD2416,PROD11,2,44.99
ORD2416,PROD12,1,39.99
ORD2417,PROD4,1,34.99
ORD2418,PROD17,3,34.99
ORD2419,PROD5,3,29.99
ORD2419,PROD2,1,44.99
ORD2419,PROD12,1,29.99
ORD2420,PROD17,2,34.99
ORD2420,PROD6,2,29.99
ORD2420,PROD8,2,34.99
ORD2420,PROD11,2,29.99
ORD2421,PROD4,1,39.99
ORD2421,PROD12,3,44.99
ORD2422,PROD17,2,39.99
ORD2422,PROD11,2,39.99
ORD2423,PROD14,2,29.99
ORD2424,PROD1,1,34.99
ORD2424,PROD3,2,39.99
ORD2424,PROD14,2,44.99
ORD2424,PROD5,1,29.99
ORD2425,PROD10,3,29.99
ORD2425,PROD15,3,29.99
ORD2425,PROD12,2,44.99
ORD2425,PROD4,2,39.99
ORD2426,PROD9,1,39.99
ORD2427,PROD2,1,34.99
ORD2428,PROD19,3,34.99
ORD2428,PROD4,1,34.99
ORD2428,PROD14,1,29.99
ORD2429,PROD9,3,34.99
ORD2429,PROD14,1,39.99
ORD2430,PROD11,3,29.99
ORD2430,PROD18,1,39.99
ORD2430,PROD9,2,29.99
ORD2431,PROD6,2,39.99
ORD2431,PROD14,3,44.99
ORD2431,PROD11,2,29.99
ORD2432,PROD16,1,29.99
ORD2432,PROD18,1,29.99
ORD2432,PROD1,1,34.99
ORD2433,PROD14,3,29.99
ORD2433,PROD2,2,44.99
ORD2433,PROD4,1,39.99
ORD2434,PROD7,2,39.99
ORD2435,PROD6,1,29.99
ORD2435,PROD15,1,29.99
ORD2435,PROD3,2,44.99
ORD2436,PROD19,1,44.99
ORD2436,PROD5,2,34.99
ORD2436,PROD1,3,44.99
ORD2436,PROD15,2,39.99
ORD2437,PROD18,3,44.99
ORD2437,PROD1,2,29.99
ORD2438,PROD16,2,39.99
ORD2439,PROD7,2,44.99
ORD2439,PROD17,2,44.99
ORD2439,PROD2,2,34.99
ORD2440,PROD6,2,34.99
ORD2440,PROD10,1,39.99
ORD2441,PROD8,2,39.99
ORD2442,PROD7,2,44.99
ORD2442,PROD11,2,44.99
ORD2443,PROD16,2,29.99
ORD2444,PROD17,1,29.99
ORD2445,PROD8,1,39.99
ORD2445,PROD6,3,39.99
ORD2446,PROD18,3,39.99
ORD2446,PROD7,3,29.99
ORD2446,PROD14,1,29.99
ORD2446,PROD8,3,29.99
ORD2447,PROD14,1,29.99
ORD2447,PROD9,3,29.99
ORD2447,PROD5,1,44.99
ORD2448,PROD10,3,44.99
ORD2448,PROD16,3,44.99
ORD2448,PROD8,1,29.99
ORD2448,PROD5,2,44.99
ORD2449,PROD20,3,39.99
ORD2449,PROD15,1,44.99
ORD2450,PROD4,3,29.99
ORD2450,PROD16,1,44.99
ORD2450,PROD13,2,29.99
ORD2451,PROD3,2,44.99
ORD2452,PROD19,1,34.99
ORD2452,PROD4,3,44.99
ORD2453,PROD17,2,34.99
ORD2453,PROD16,3,34.99
ORD2453,PROD10,1,39.99
ORD2453,PROD12,3,44.99
ORD2454,PROD6,3,29.99
ORD2455,PROD20,1,29.99
ORD2456,PROD5,1,34.99
ORD2456,PROD12,1,39.99
ORD2457,PROD7,3,29.99
ORD2457,PROD1,1,29.99
ORD2458,PROD14,1,44.99
ORD2458,PROD19,2,29.99
ORD2459,PROD19,1,29.99
ORD2460,PROD20,3,34.99
ORD2460,PROD13,2,39.99
ORD2460,PROD9,1,29.99
ORD2461,PROD19,1,39.99
ORD2461,PROD14,1,39.99
ORD2461,PROD18,2,44.99
ORD2462,PROD7,2,39.99
ORD2462,PROD3,2,39.99
ORD2463,PROD13,2,29.99
ORD2463,PROD5,3,39.99
ORD2463,PROD12,2,39.99
ORD2463,PROD11,2,44.99
ORD2464,PROD15,3,44.99
ORD2464,PROD11,3,29.99
ORD2464,PROD16,1,34.99
ORD2464,PROD2,1,39.99
ORD2465,PROD3,3,29.99
ORD2465,PROD1,3,34.99
ORD2466,PROD10,1,39.99
ORD2466,PROD16,2,44.99
ORD2466,PROD15,3,39.99
ORD2466,PROD14,2,44.99
ORD2467,PROD2,1,44.99
ORD2467,PROD19,3,34.99
ORD2467,PROD17,2,34.99
ORD2468,PROD15,2,44.99
ORD2468,PROD7,2,44.99
ORD2469,PROD4,3,29.99
ORD2469,PROD12,3,34.99
ORD2469,PROD6,1,34.99
ORD2470,PROD9,3,29.99
ORD2470,PROD19,2,29.99
ORD2470,PROD18,2,39.99
ORD2471,PROD2,2,39.99
ORD2471,PROD17,2,39.99
ORD2472,PROD15,1,44.99
ORD2472,PROD9,3,34.99
ORD2472,PROD3,2,34.99
ORD2472,PROD7,2,29.99
ORD2473,PROD4,1,44.99
ORD2473,PROD9,2,39.99
ORD2473,PROD2,1,29.99
ORD2474,PROD18,1,29.99
ORD2474,PROD6,3,44.99
ORD2474,PROD16,2,29.99
ORD2475,PROD6,1,34.99
ORD2475,PROD2,1,39.99
ORD2475,PROD15,2,29.99
ORD2475,PROD19,3,39.99
ORD2476,PROD16,2,39.99
ORD2476,PROD20,2,44.99
ORD2477,PROD2,3,29.99
ORD2477,PROD9,1,34.99
ORD2478,PROD1,3,34.99
ORD2478,PROD17,3,39.99
ORD2478,PROD3,3,34.99
ORD2479,PROD19,1,44.99
ORD2479,PROD16,1,44.99
ORD2479,PROD7,1,29.99
ORD2479,PROD15,3,34.99
ORD2480,PROD20,2,29.99
ORD2480,PROD18,2,29.99
ORD2481,PROD12,3,39.99
ORD2482,PROD11,3,44.99
ORD2482,PROD16,1,39.99
ORD2483,PROD4,1,29.99
ORD2484,PROD15,3,29.99
ORD2484,PROD10,2,44.99
ORD2485,PROD19,3,34.99
ORD2485,PROD15,1,34.99
ORD2486,PROD9,2,29.99
ORD2486,PROD5,3,29.99
ORD2486,PROD1,1,44.99
ORD2487,PROD10,3,39.99
ORD2488,PROD9,2,29.99
ORD2488,PROD16,1,44.99
ORD2489,PROD7,1,29.99
ORD2490,PROD6,2,34.99
ORD2490,PROD14,1,29.99
ORD2490,PROD15,3,29.99
ORD2491,PROD19,1,39.99
ORD2491,PROD11,2,44.99
ORD2492,PROD15,3,39.99
ORD2492,PROD7,3,34.99
ORD2492,PROD11,3,39.99
ORD2493,PROD10,3,34.99
ORD2493,PROD2,2,39.99
ORD2493,PROD20,1,44.99
ORD2494,PROD11,1,29.99
ORD2495,PROD19,3,44.99
ORD2495,PROD20,1,44.99
ORD2495,PROD9,3,44.99
ORD2496,PROD16,2,29.99
ORD2496,PROD17,3,34.99
ORD2497,PROD16,2,44.99
ORD2497,PROD8,2,44.99
ORD2497,PROD10,2,39.99
ORD2497,PROD15,3,29.99
ORD2498,PROD3,3,29.99
ORD2498,PROD20,2,44.99
ORD2498,PROD15,2,39.99
ORD2499,PROD7,1,34.99
ORD2499,PROD16,3,34.99
ORD2499,PROD14,3,34.99
ORD2499,PROD18,1,44.99
ORD2500,PROD12,2,34.99
ORD2500,PROD2,2,44.99
ORD2500,PROD16,2,44.99
ORD2501,PROD20,1,39.99
ORD2501,PROD4,2,34.99
ORD2501,PROD14,1,29.99
ORD2502,PROD11,1,29.99
ORD2502,PROD10,1,29.99
ORD2503,PROD14,2,39.99
ORD2504,PROD15,1,44.99
ORD2505,PROD18,2,29.99
ORD2505,PROD9,2,29.99
ORD2505,PROD16,2,39.99
ORD2505,PROD3,3,34.99
ORD2506,PROD20,2,44.99
ORD2507,PROD6,3,39.99
ORD2507,PROD4,1,29.99
ORD2508,PROD2,2,29.99
ORD2509,PROD6,2,34.99
ORD2509,PROD18,2,34.99
ORD2509,PROD7,1,29.99
ORD2509,PROD4,2,39.99
ORD2510,PROD20,1,44.99
ORD2510,PROD3,1,29.99
ORD2510,PROD19,2,44.99
ORD2510,PROD14,1,34.99
ORD2511,PROD15,2,34.99
ORD2511,PROD4,3,39.99
ORD2511,PROD12,3,44.99
ORD2511,PROD2,2,44.99
ORD2512,PROD1,1,44.99
ORD2512,PROD15,1,39.99
ORD2512,PROD7,2,44.99
ORD2513,PROD20,3,34.99
ORD2513,PROD3,3,29.99
ORD2513,PROD11,1,29.99
ORD2514,PROD17,2,34.99
ORD2514,PROD9,3,29.99
ORD2514,PROD20,3,39.99
ORD2514,PROD14,3,34.99
ORD2515,PROD4,2,39.99
ORD2516,PROD11,1,44.99
ORD2517,PROD17,3,44.99
ORD2517,PROD1,2,39.99
ORD2518,PROD18,3,44.99
ORD2518,PROD20,2,39.99
ORD2518,PROD14,3,34.99
ORD2519,PROD3,3,29.99
ORD2519,PROD20,3,29.99
ORD2519,PROD5,2,34.99
ORD2520,PROD17,1,29.99
ORD2520,PROD18,2,39.99
ORD2520,PROD6,1,44.99
ORD2520,PROD4,2,44.99
ORD2521,PROD16,3,29.99
ORD2521,PROD6,1,34.99
ORD2521,PROD13,3,34.99
ORD2522,PROD4,3,34.99
ORD2523,PROD13,1,34.99
ORD2523,PROD16,3,44.99
ORD2523,PROD14,3,44.99
ORD2524,PROD15,3,29.99
ORD2524,PROD18,1,29.99
ORD2524,PROD7,1,29.99
ORD2525,PROD11,2,34.99
ORD2525,PROD12,3,39.99
ORD2525,PROD19,3,34.99
ORD2526,PROD19,3,44.99
ORD2526,PROD18,2,44.99
ORD2527,PROD8,3,34.99
ORD2528,PROD13,2,29.99
ORD2528,PROD17,1,34.99
ORD2529,PROD2,1,39.99
ORD2529,PROD19,1,29.99
ORD2529,PROD9,3,29.99
ORD2530,PROD18,3,39.99
ORD2530,PROD14,2,44.99
ORD2531,PROD3,2,29.99
ORD2531,PROD1,2,44.99
ORD2531,PROD2,2,44.99
ORD2532,PROD8,3,44.99
ORD2532,PROD16,3,44.99
ORD2532,PROD17,3,44.99
ORD2532,PROD20,1,34.99
ORD2533,PROD16,3,29.99
ORD2533,PROD13,2,34.99
ORD2533,PROD10,2,29.99
ORD2533,PROD17,1,44.99
ORD2534,PROD9,2,34.99
ORD2534,PROD15,2,44.99
ORD2534,PROD4,3,44.99
ORD2534,PROD19,3,29.99
ORD2535,PROD16,3,39.99
ORD2535,PROD13,3,34.99
ORD2535,PROD1,3,44.99
ORD2536,PROD14,3,29.99
ORD2536,PROD6,2,39.99
ORD2536,PROD17,2,34.99
ORD2536,PROD13,1,29.99
ORD2537,PROD1,3,29.99
ORD2538,PROD6,1,39.99
ORD2538,PROD15,1,44.99
ORD2538,PROD8,3,29.99
ORD2538,PROD2,3,34.99
ORD2539,PROD16,1,39.99
ORD2539,PROD13,2,34.99
ORD2540,PROD9,2,39.99
ORD2540,PROD4,1,39.99
ORD2540,PROD1,3,29.99
ORD2540,PROD19,1,29.99
ORD2541,PROD13,3,39.99
ORD2541,PROD17,1,29.99
ORD2541,PROD14,2,44.99
ORD2542,PROD19,1,44.99
ORD2542,PROD14,1,34.99
ORD2543,PROD2,1,44.99
ORD2544,PROD17,2,44.99
ORD2545,PROD14,2,29.99
ORD2545,PROD15,1,44.99
ORD2545,PROD2,2,44.99
ORD2546,PROD14,2,39.99
ORD2546,PROD3,2,29.99
ORD2546,PROD9,1,39.99
ORD2547,PROD19,3,44.99
ORD2547,PROD16,1,39.99
ORD2548,PROD4,2,39.99
ORD2548,PROD3,1,29.99
ORD2549,PROD17,2,44.99
ORD2549,PROD10,1,29.99
ORD2550,PROD6,2,44.99
ORD2550,PROD13,2,44.99
ORD2550,PROD7,2,34.99
ORD2550,PROD4,3,39.99
ORD2551,PROD13,1,39.99
ORD2551,PROD9,1,44.99
ORD2552,PROD13,1,39.99
ORD2553,PROD11,1,44.99
ORD2553,PROD3,2,29.99
ORD2553,PROD19,1,44.99
ORD2553,PROD9,1,29.99
ORD2554,PROD14,2,29.99
ORD2554,PROD1,3,34.99
ORD2555,PROD16,2,39.99
ORD2555,PROD18,3,34.99
ORD2555,PROD3,2,29.99
ORD2555,PROD14,3,39.99
ORD2556,PROD7,1,29.99
ORD2556,PROD10,3,44.99
ORD2557,PROD7,2,44.99
ORD2557,PROD18,1,44.99
ORD2557,PROD14,3,39.99
ORD2558,PROD12,1,44.99
ORD2558,PROD6,3,44.99
ORD2559,PROD14,3,39.99
ORD2559,PROD7,2,39.99
ORD2559,PROD12,3,34.99
ORD2559,PROD13,3,29.99
ORD2560,PROD12,2,29.99
ORD2560,PROD1,1,39.99
ORD2561,PROD16,3,44.99
ORD2561,PROD6,2,39.99
ORD2561,PROD5,3,39.99
ORD2561,PROD7,2,44.99
ORD2562,PROD2,1,39.99
ORD2562,PROD9,3,29.99
ORD2563,PROD3,1,39.99
ORD2564,PROD3,3,34.99
ORD2565,PROD14,1,44.99
ORD2565,PROD18,3,34.99
ORD2565,PROD9,2,34.99
ORD2565,PROD10,2,34.99
ORD2566,PROD1,3,44.99
ORD2567,PROD20,3,29.99
ORD2567,PROD13,1,44.99
ORD2567,PROD8,2,39.99
ORD2568,PROD14,2,29.99
ORD2568,PROD20,3,44.99
ORD2568,PROD12,1,44.99
ORD2569,PROD11,1,39.99
ORD2569,PROD6,2,44.99
ORD2569,PROD8,1,29.99
ORD2569,PROD7,3,39.99
ORD2570,PROD8,2,29.99
ORD2571,PROD12,3,29.99
ORD2571,PROD5,3,34.99
ORD2571,PROD8,3,29.99
ORD2571,PROD6,2,29.99
ORD2572,PROD1,2,44.99
ORD2572,PROD2,3,39.99
ORD2572,PROD18,2,34.99
ORD2573,PROD17,2,39.99
ORD2573,PROD14,3,29.99
ORD2573,PROD3,2,39.99
ORD2574,PROD20,2,44.99
ORD2574,PROD18,1,29.99
ORD2574,PROD6,2,39.99
ORD2574,PROD2,3,34.99
ORD2575,PROD20,1,34.99
ORD2575,PROD3,2,34.99
ORD2576,PROD16,3,44.99
ORD2576,PROD17,3,34.99
ORD2577,PROD10,3,29.99
ORD2577,PROD19,1,39.99
ORD2577,PROD13,2,39.99
ORD2577,PROD15,2,39.99
ORD2578,PROD8,1,29.99
ORD2579,PROD7,3,39.99
ORD2579,PROD12,3,44.99
ORD2579,PROD11,3,29.99
ORD2579,PROD5,3,29.99
ORD2580,PROD16,3,34.99
ORD2580,PROD12,3,29.99
ORD2580,PROD5,3,39.99
ORD2580,PROD14,1,29.99
ORD2581,PROD19,2,39.99
ORD2581,PROD3,3,29.99
ORD2581,PROD6,2,39.99
ORD2581,PROD2,3,39.99
ORD2582,PROD13,1,44.99
ORD2582,PROD6,1,39.99
ORD2583,PROD4,1,39.99
ORD2583,PROD1,2,39.99
ORD2583,PROD17,3,34.99
ORD2583,PROD9,2,39.99
ORD2584,PROD12,1,29.99
ORD2584,PROD11,2,29.99
ORD2585,PROD8,2,39.99
ORD2586,PROD17,3,29.99
ORD2586,PROD10,2,44.99
ORD2587,PROD1,3,29.99
ORD2588,PROD10,3,29.99
ORD2589,PROD16,3,34.99
ORD2589,PROD18,1,44.99
ORD2589,PROD10,3,29.99
ORD2589,PROD7,3,44.99
ORD2590,PROD1,1,34.99
ORD2590,PROD14,3,29.99
ORD2591,PROD10,2,34.99
ORD2591,PROD12,1,34.99
ORD2591,PROD9,2,34.99
ORD2591,PROD1,2,34.99
ORD2592,PROD5,1,34.99
ORD2592,PROD8,2,29.99
ORD2593,PROD5,1,29.99
ORD2593,PROD6,1,39.99
ORD2593,PROD3,3,39.99
ORD2593,PROD2,1,34.99
ORD2594,PROD11,1,29.99
ORD2595,PROD17,3,44.99
ORD2595,PROD9,3,44.99
ORD2596,PROD15,3,34.99
ORD2596,PROD11,3,34.99
ORD2597,PROD11,2,29.99
ORD2597,PROD13,2,44.99
ORD2597,PROD17,3,39.99
ORD2598,PROD4,3,44.99
ORD2598,PROD12,2,39.99
ORD2599,PROD19,2,34.99
ORD2599,PROD15,2,29.99
ORD2599,PROD9,1,34.99
ORD2600,PROD17,1,44.99
ORD2600,PROD14,3,39.99
ORD2600,PROD10,1,34.99
ORD2600,PROD7,2,44.99
ORD2601,PROD6,3,29.99
ORD2601,PROD2,2,34.99
ORD2601,PROD1,1,44.99
ORD2602,PROD12,3,39.99
ORD2602,PROD19,1,39.99
ORD2603,PROD20,2,29.99
ORD2604,PROD5,2,39.99
ORD2604,PROD15,3,34.99
ORD2604,PROD9,1,39.99
ORD2605,PROD20,1,39.99
ORD2606,PROD8,2,29.99
ORD2606,PROD10,2,34.99
ORD2606,PROD9,1,39.99
ORD2606,PROD12,3,34.99
ORD2607,PROD7,1,44.99
ORD2607,PROD8,2,39.99
ORD2608,PROD11,1,39.99
ORD2608,PROD9,2,39.99
ORD2608,PROD20,3,34.99
ORD2608,PROD18,2,44.99
ORD2609,PROD4,2,44.99
ORD2609,PROD12,1,29.99
ORD2609,PROD16,2,29.99
ORD2610,PROD4,2,29.99
ORD2611,PROD3,2,34.99
ORD2611,PROD11,2,39.99
ORD2612,PROD12,1,39.99
ORD2613,PROD17,3,29.99
ORD2613,PROD10,3,29.99
ORD2613,PROD5,3,39.99
ORD2614,PROD17,2,44.99
ORD2615,PROD4,1,39.99
ORD2615,PROD14,1,29.99
ORD2616,PROD10,3,44.99
ORD2617,PROD3,1,29.99
ORD2617,PROD12,3,34.99
ORD2617,PROD6,1,44.99
ORD2617,PROD16,2,44.99
ORD2618,PROD1,2,39.99
ORD2618,PROD16,1,39.99
ORD2619,PROD17,3,34.99
ORD2619,PROD1,3,44.99
ORD2619,PROD20,2,39.99
ORD2620,PROD5,2,44.99
ORD2620,PROD10,3,39.99
ORD2620,PROD3,1,29.99
ORD2620,PROD4,2,34.99
ORD2621,PROD8,2,29.99
ORD2622,PROD12,1,34.99
ORD2623,PROD12,2,44.99
ORD2623,PROD3,1,29.99
ORD2623,PROD15,3,39.99
ORD2624,PROD20,3,34.99
ORD2624,PROD9,2,39.99
ORD2624,PROD12,2,34.99
ORD2625,PROD3,2,34.99
ORD2625,PROD2,3,34.99
ORD2626,PROD1,2,29.99
ORD2626,PROD16,3,44.99
ORD2626,PROD7,1,44.99
ORD2627,PROD14,1,29.99
ORD2628,PROD8,1,39.99
ORD2629,PROD13,2,34.99
ORD2630,PROD1,2,29.99
ORD2630,PROD7,3,29.99
ORD2631,PROD15,2,29.99
ORD2631,PROD16,3,34.99
ORD2631,PROD11,3,39.99
ORD2631,PROD18,1,34.99
ORD2632,PROD14,3,34.99
ORD2633,PROD18,3,44.99
ORD2633,PROD1,3,39.99
ORD2633,PROD2,3,39.99
ORD2633,PROD19,1,29.99
ORD2634,PROD20,3,44.99
ORD2634,PROD11,1,34.99
ORD2634,PROD5,2,39.99
ORD2635,PROD8,2,34.99
ORD2635,PROD17,1,44.99
ORD2635,PROD10,1,44.99
ORD2635,PROD11,3,34.99
ORD2636,PROD17,2,29.99
ORD2636,PROD15,3,44.99
ORD2636,PROD8,1,34.99
ORD2637,PROD4,1,39.99
ORD2637,PROD12,1,34.99
ORD2637,PROD3,1,44.99
ORD2638,PROD2,2,29.99
ORD2638,PROD20,1,34.99
ORD2639,PROD12,2,39.99
ORD2640,PROD15,3,39.99
ORD2640,PROD9,1,39.99
ORD2640,PROD11,1,39.99
ORD2641,PROD12,1,29.99
ORD2641,PROD5,3,39.99
ORD2642,PROD5,2,39.99
ORD2642,PROD16,2,39.99
ORD2642,PROD6,3,34.99
ORD2643,PROD15,1,29.99
ORD2643,PROD9,1,34.99
ORD2643,PROD6,3,44.99
ORD2644,PROD12,2,44.99
ORD2645,PROD18,2,44.99
ORD2645,PROD16,3,34.99
ORD2646,PROD7,1,34.99
ORD2647,PROD3,1,34.99
ORD2647,PROD19,2,44.99
ORD2647,PROD17,2,29.99
ORD2647,PROD2,2,39.99
ORD2648,PROD14,2,34.99
ORD2648,PROD17,1,29.99
ORD2649,PROD7,2,39.99
ORD2649,PROD14,3,44.99
ORD2650,PROD16,2,39.99
ORD2650,PROD8,1,29.99
ORD2650,PROD19,3,39.99
ORD2651,PROD13,1,44.99
ORD2652,PROD19,2,39.99
ORD2653,PROD6,1,34.99
ORD2653,PROD15,2,44.99
ORD2653,PROD3,3,44.99
ORD2654,PROD1,2,39.99
ORD2654,PROD19,2,39.99
ORD2654,PROD5,2,44.99
ORD2655,PROD7,3,29.99
ORD2655,PROD11,2,39.99
ORD2656,PROD2,2,29.99
ORD2656,PROD3,1,39.99
ORD2657,PROD1,1,44.99
ORD2657,PROD12,2,39.99
ORD2657,PROD6,3,44.99
ORD2657,PROD5,3,29.99
ORD2658,PROD20,3,39.99
ORD2658,PROD19,3,44.99
ORD2658,PROD14,2,34.99
ORD2658,PROD11,3,34.99
ORD2659,PROD15,3,39.99
ORD2659,PROD14,1,34.99
ORD2660,PROD7,2,34.99
ORD2660,PROD6,2,44.99
ORD2660,PROD8,1,34.99
ORD2661,PROD8,1,34.99
ORD2662,PROD15,3,29.99
ORD2662,PROD16,1,29.99
ORD2662,PROD7,1,34.99
ORD2662,PROD1,3,44.99
ORD2663,PROD16,1,29.99
ORD2664,PROD14,3,34.99
ORD2664,PROD16,3,29.99
ORD2664,PROD12,2,34.99
ORD2665,PROD14,1,39.99
ORD2665,PROD6,1,39.99
ORD2665,PROD8,1,44.99
ORD2666,PROD8,1,29.99
ORD2666,PROD17,3,29.99
ORD2666,PROD5,3,29.99
ORD2666,PROD2,1,39.99
ORD2667,PROD15,3,34.99
ORD2667,PROD4,2,44.99
ORD2668,PROD14,3,44.99
ORD2668,PROD3,3,39.99
ORD2669,PROD7,1,29.99
ORD2669,PROD13,2,34.99
ORD2669,PROD9,2,44.99
ORD2670,PROD17,3,39.99
ORD2670,PROD10,1,29.99
ORD2670,PROD1,3,44.99
ORD2671,PROD20,3,44.99
ORD2671,PROD1,3,44.99
ORD2671,PROD2,3,44.99
ORD2672,PROD7,1,39.99
ORD2673,PROD15,1,39.99
ORD2674,PROD19,2,34.99
ORD2674,PROD17,1,44.99
ORD2674,PROD15,1,34.99
ORD2674,PROD16,1,34.99
ORD2675,PROD10,2,39.99
ORD2676,PROD17,1,29.99
ORD2677,PROD9,1,44.99
ORD2677,PROD2,2,29.99
ORD2677,PROD20,2,29.99
ORD2677,PROD19,3,29.99
ORD2678,PROD12,1,29.99
ORD2678,PROD18,1,34.99
ORD2678,PROD11,3,44.99
ORD2679,PROD3,2,44.99
ORD2679,PROD9,2,44.99
ORD2679,PROD16,2,39.99
ORD2680,PROD7,3,39.99
ORD2681,PROD20,3,34.99
ORD2681,PROD9,2,39.99
ORD2682,PROD4,1,34.99
ORD2682,PROD19,3,34.99
ORD2683,PROD3,1,34.99
ORD2683,PROD2,3,29.99
ORD2684,PROD1,1,39.99
ORD2684,PROD14,1,39.99
ORD2684,PROD16,1,29.99
ORD2684,PROD15,2,34.99
ORD2685,PROD12,3,44.99
ORD2685,PROD1,1,39.99
ORD2685,PROD5,2,44.99
ORD2685,PROD10,2,39.99
ORD2686,PROD15,3,39.99
ORD2686,PROD3,1,34.99
ORD2686,PROD16,3,39.99
ORD2686,PROD4,3,39.99
ORD2687,PROD15,2,34.99
ORD2687,PROD6,2,39.99
ORD2687,PROD13,3,29.99
ORD2688,PROD4,1,34.99
ORD2689,PROD11,2,39.99
ORD2689,PROD16,1,44.99
ORD2689,PROD19,3,44.99
ORD2689,PROD5,3,34.99
ORD2690,PROD17,3,29.99
ORD2690,PROD15,3,34.99
ORD2691,PROD9,3,44.99
ORD2691,PROD1,3,39.99
ORD2692,PROD9,2,34.99
ORD2692,PROD3,3,29.99
ORD2692,PROD12,2,34.99
ORD2692,PROD18,1,34.99
ORD2693,PROD9,3,44.99
ORD2693,PROD8,2,39.99
ORD2694,PROD20,1,44.99
ORD2694,PROD9,3,44.99
ORD2694,PROD1,2,29.99
ORD2694,PROD8,2,39.99
ORD2695,PROD20,1,34.99
ORD2695,PROD3,1,29.99
ORD2696,PROD15,3,29.99
ORD2696,PROD4,1,34.99
ORD2697,PROD3,1,34.99
ORD2697,PROD19,1,44.99
ORD2697,PROD10,2,44.99
ORD2697,PROD17,3,39.99
ORD2698,PROD4,2,34.99
ORD2699,PROD12,3,34.99
ORD2699,PROD20,3,44.99
ORD2699,PROD1,3,34.99
ORD2700,PROD14,2,39.99
ORD2700,PROD2,3,29.99
ORD2700,PROD11,1,44.99
ORD2701,PROD14,3,39.99
ORD2701,PROD10,2,29.99
ORD2701,PROD15,3,44.99
ORD2701,PROD9,3,39.99
ORD2702,PROD7,1,34.99
ORD2702,PROD19,1,39.99
ORD2702,PROD4,1,44.99
ORD2703,PROD17,1,44.99
ORD2703,PROD18,1,39.99
ORD2703,PROD8,1,44.99
ORD2703,PROD10,2,44.99
ORD2704,PROD15,3,34.99
ORD2705,PROD5,3,39.99
ORD2706,PROD13,2,44.99
ORD2706,PROD20,3,44.99
ORD2707,PROD7,3,44.99
ORD2707,PROD1,2,44.99
ORD2707,PROD17,1,44.99
ORD2708,PROD4,3,29.99
ORD2708,PROD16,1,39.99
ORD2708,PROD20,3,39.99
ORD2709,PROD10,3,29.99
ORD2710,PROD17,1,39.99
ORD2710,PROD13,3,29.99
ORD2710,PROD15,1,39.99
ORD2710,PROD16,3,39.99
ORD2711,PROD4,2,39.99
ORD2712,PROD18,3,29.99
ORD2712,PROD9,2,34.99
ORD2713,PROD3,3,44.99
ORD2713,PROD5,3,34.99
ORD2713,PROD10,3,34.99
ORD2713,PROD14,2,39.99
ORD2714,PROD9,3,39.99
ORD2714,PROD11,3,34.99
ORD2715,PROD5,1,39.99
ORD2715,PROD8,1,29.99
ORD2715,PROD2,2,39.99
ORD2716,PROD7,2,29.99
ORD2716,PROD6,3,29.99
ORD2717,PROD2,1,39.99
ORD2717,PROD1,1,34.99
ORD2718,PROD5,2,44.99
ORD2718,PROD9,3,29.99
ORD2718,PROD19,1,34.99
ORD2719,PROD3,3,44.99
ORD2720,PROD15,2,34.99
ORD2720,PROD12,3,34.99
ORD2720,PROD16,1,44.99
ORD2721,PROD15,1,39.99
ORD2721,PROD12,2,29.99
ORD2721,PROD9,2,29.99
ORD2722,PROD11,1,34.99
ORD2723,PROD19,3,44.99
ORD2723,PROD6,3,34.99
ORD2723,PROD13,1,39.99
ORD2723,PROD4,2,39.99
ORD2724,PROD2,1,44.99
ORD2724,PROD3,1,34.99
ORD2724,PROD7,2,34.99
ORD2724,PROD14,3,39.99
ORD2725,PROD17,2,39.99
ORD2726,PROD18,2,44.99
ORD2726,PROD9,2,29.99
ORD2726,PROD10,2,34.99
ORD2727,PROD1,1,39.99
ORD2727,PROD3,3,29.99
ORD2727,PROD18,2,39.99
ORD2728,PROD4,1,39.99
ORD2728,PROD8,1,34.99
ORD2728,PROD3,1,34.99
ORD2729,PROD1,2,44.99
ORD2729,PROD5,2,29.99
ORD2729,PROD7,2,44.99
ORD2729,PROD12,2,29.99
ORD2730,PROD10,2,44.99
ORD2731,PROD6,2,39.99
ORD2731,PROD16,2,34.99
ORD2731,PROD17,1,44.99
ORD2731,PROD3,2,34.99
ORD2732,PROD13,2,34.99
ORD2732,PROD20,1,29.99
ORD2733,PROD6,3,44.99
ORD2733,PROD1,1,44.99
ORD2733,PROD2,2,34.99
ORD2733,PROD13,3,39.99
ORD2734,PROD4,2,34.99
ORD2735,PROD6,3,29.99
ORD2736,PROD15,2,29.99
ORD2736,PROD9,1,34.99
ORD2736,PROD8,1,29.99
ORD2736,PROD2,3,29.99
ORD2737,PROD10,2,34.99
ORD2737,PROD1,3,39.99
ORD2737,PROD12,3,44.99
ORD2737,PROD7,1,39.99
ORD2738,PROD7,1,39.99
ORD2739,PROD1,1,34.99
ORD2739,PROD19,2,39.99
ORD2739,PROD10,2,44.99
ORD2739,PROD20,3,39.99
ORD2740,PROD13,3,34.99
ORD2740,PROD20,1,34.99
ORD2740,PROD18,2,34.99
ORD2740,PROD15,1,44.99
ORD2741,PROD13,3,44.99
ORD2741,PROD11,2,29.99
ORD2741,PROD17,2,34.99
ORD2742,PROD4,2,39.99
ORD2742,PROD14,2,34.99
ORD2742,PROD3,2,29.99
ORD2743,PROD17,2,29.99
ORD2743,PROD10,2,34.99
ORD2744,PROD8,2,44.99
ORD2745,PROD13,2,39.99
ORD2745,PROD17,3,29.99
ORD2745,PROD7,2,44.99
ORD2746,PROD13,3,44.99
ORD2746,PROD10,1,29.99
ORD2747,PROD4,1,39.99
ORD2747,PROD5,2,34.99
ORD2747,PROD16,2,34.99
ORD2747,PROD20,1,39.99
ORD2748,PROD15,2,29.99
ORD2748,PROD16,1,29.99
ORD2748,PROD4,2,39.99
ORD2749,PROD15,3,44.99
ORD2749,PROD7,3,39.99
ORD2749,PROD6,2,44.99
ORD2750,PROD18,3,34.99
ORD2750,PROD2,2,29.99
ORD2751,PROD10,3,44.99
ORD2751,PROD20,2,44.99
ORD2751,PROD15,2,44.99
ORD2751,PROD7,3,34.99
ORD2752,PROD4,2,39.99
ORD2752,PROD6,2,34.99
ORD2752,PROD11,1,44.99
ORD2752,PROD7,1,44.99
ORD2753,PROD12,3,34.99
ORD2753,PROD13,1,39.99
ORD2754,PROD13,2,44.99
ORD2755,PROD15,2,44.99
ORD2755,PROD18,2,34.99
ORD2756,PROD11,1,39.99
ORD2756,PROD20,3,44.99
ORD2756,PROD2,2,29.99
ORD2756,PROD15,2,44.99
ORD2757,PROD6,3,39.99
ORD2757,PROD4,3,44.99
ORD2757,PROD3,2,34.99
ORD2757,PROD2,2,29.99
ORD2758,PROD15,2,44.99
ORD2758,PROD5,3,39.99
ORD2758,PROD4,3,34.99
ORD2759,PROD14,1,44.99
ORD2759,PROD2,1,39.99
ORD2759,PROD10,3,44.99
ORD2760,PROD18,3,44.99
ORD2760,PROD3,1,44.99
ORD2760,PROD5,3,39.99
ORD2760,PROD9,3,29.99
ORD2761,PROD10,3,29.99
ORD2761,PROD2,3,39.99
ORD2761,PROD15,1,39.99
ORD2761,PROD13,1,39.99
ORD2762,PROD13,1,39.99
ORD2763,PROD16,2,39.99
ORD2763,PROD18,3,29.99
ORD2763,PROD12,2,29.99
ORD2763,PROD5,2,39.99
ORD2764,PROD15,1,39.99
ORD2764,PROD11,1,34.99
ORD2764,PROD13,3,39.99
ORD2765,PROD1,2,34.99
ORD2765,PROD3,2,44.99
ORD2765,PROD7,3,34.99
ORD2765,PROD13,2,39.99
ORD2766,PROD8,1,39.99
ORD2766,PROD4,3,34.99
ORD2767,PROD13,3,34.99
ORD2767,PROD20,1,34.99
ORD2768,PROD13,2,29.99
ORD2768,PROD6,1,39.99
ORD2768,PROD10,1,44.99
ORD2768,PROD7,2,29.99
ORD2769,PROD15,1,39.99
ORD2769,PROD5,1,29.99
ORD2769,PROD17,3,34.99
ORD2770,PROD10,1,29.99
ORD2770,PROD7,2,29.99
ORD2770,PROD6,2,29.99
ORD2771,PROD3,1,34.99
ORD2772,PROD20,3,39.99
ORD2772,PROD4,2,39.99
ORD2772,PROD3,3,29.99
ORD2772,PROD18,2,34.99
ORD2773,PROD6,3,34.99
ORD2774,PROD6,3,29.99
ORD2774,PROD4,1,34.99
ORD2775,PROD19,2,39.99
ORD2775,PROD20,1,34.99
ORD2776,PROD14,2,39.99
ORD2776,PROD3,3,34.99
ORD2776,PROD18,3,29.99
ORD2776,PROD20,1,44.99
ORD2777,PROD19,3,39.99
ORD2777,PROD10,1,34.99
ORD2777,PROD18,2,39.99
ORD2777,PROD12,2,39.99
ORD2778,PROD13,3,29.99
ORD2779,PROD1,1,29.99
ORD2779,PROD14,1,39.99
ORD2779,PROD15,1,44.99
ORD2780,PROD20,3,44.99
ORD2781,PROD8,2,39.99
ORD2781,PROD9,1,39.99
ORD2781,PROD12,2,29.99
ORD2782,PROD17,2,34.99
ORD2783,PROD10,2,39.99
ORD2784,PROD18,1,39.99
ORD2785,PROD15,3,39.99
ORD2785,PROD2,1,44.99
ORD2785,PROD11,1,29.99
ORD2786,PROD6,3,29.99
ORD2786,PROD2,3,34.99
ORD2786,PROD1,3,39.99
ORD2787,PROD5,2,39.99
ORD2787,PROD9,2,34.99
ORD2787,PROD20,1,44.99
ORD2787,PROD15,2,44.99
ORD2788,PROD2,3,44.99
ORD2788,PROD14,1,34.99
ORD2788,PROD5,3,29.99
ORD2788,PROD12,2,34.99
ORD2789,PROD12,1,39.99
ORD2790,PROD15,2,29.99
ORD2790,PROD7,2,39.99
ORD2790,PROD19,1,44.99
ORD2790,PROD13,1,34.99
ORD2791,PROD20,3,34.99
ORD2791,PROD6,2,39.99
ORD2792,PROD17,2,44.99
ORD2792,PROD8,1,44.99
ORD2792,PROD11,2,39.99
ORD2792,PROD20,2,39.99
ORD2793,PROD15,3,34.99
ORD2794,PROD12,1,39.99
ORD2794,PROD5,1,44.99
ORD2795,PROD19,2,39.99
ORD2795,PROD5,2,34.99
ORD2796,PROD4,3,29.99
ORD2796,PROD2,2,34.99
ORD2796,PROD9,1,34.99
ORD2797,PROD8,3,39.99
ORD2797,PROD16,2,29.99
ORD2798,PROD11,2,39.99
ORD2798,PROD4,2,44.99
ORD2798,PROD14,3,34.99
ORD2799,PROD2,2,39.99
ORD2799,PROD15,2,29.99
ORD2799,PROD18,1,29.99
ORD2800,PROD17,2,34.99
ORD2800,PROD9,3,44.99
ORD2801,PROD4,2,34.99
ORD2802,PROD19,1,44.99
ORD2803,PROD12,2,44.99
ORD2803,PROD14,2,34.99
ORD2804,PROD18,3,44.99
ORD2805,PROD5,2,44.99
ORD2805,PROD20,1,29.99
ORD2805,PROD3,1,44.99
ORD2805,PROD1,2,29.99
ORD2806,PROD15,2,39.99
ORD2806,PROD6,1,29.99
ORD2807,PROD4,1,44.99
ORD2808,PROD14,2,34.99
ORD2808,PROD18,1,44.99
ORD2808,PROD16,3,39.99
ORD2809,PROD5,1,29.99
ORD2809,PROD14,1,44.99
ORD2809,PROD6,3,44.99
ORD2810,PROD13,3,39.99
ORD2810,PROD14,3,39.99
ORD2811,PROD3,1,29.99
ORD2811,PROD6,3,34.99
ORD2812,PROD14,2,29.99
ORD2812,PROD1,2,34.99
ORD2812,PROD8,1,44.99
ORD2812,PROD7,3,44.99
ORD2813,PROD19,3,29.99
ORD2813,PROD3,1,39.99
ORD2813,PROD1,3,39.99
ORD2813,PROD10,2,39.99
ORD2814,PROD16,2,44.99
ORD2814,PROD7,2,39.99
ORD2814,PROD14,2,39.99
ORD2815,PROD18,2,34.99
ORD2815,PROD12,3,34.99
ORD2815,PROD1,3,39.99
ORD2816,PROD8,2,34.99
ORD2816,PROD10,1,29.99
ORD2816,PROD2,2,34.99
ORD2816,PROD7,1,44.99
ORD2817,PROD5,3,44.99
ORD2817,PROD18,2,29.99
ORD2818,PROD14,3,29.99
ORD2818,PROD1,2,39.99
ORD2819,PROD7,1,34.99
ORD2819,PROD2,3,34.99
ORD2819,PROD1,1,44.99
ORD2820,PROD3,2,29.99
ORD2820,PROD15,1,39.99
ORD2820,PROD12,1,29.99
ORD2821,PROD13,2,39.99
ORD2822,PROD17,3,34.99
ORD2822,PROD1,2,44.99
ORD2823,PROD18,1,34.99
ORD2824,PROD11,3,29.99
ORD2824,PROD1,2,44.99
ORD2824,PROD13,1,34.99
ORD2825,PROD15,1,34.99
ORD2825,PROD19,2,34.99
ORD2825,PROD9,3,39.99
ORD2825,PROD10,3,44.99
ORD2826,PROD11,2,29.99
ORD2826,PROD4,1,29.99
ORD2826,PROD9,1,39.99
ORD2827,PROD15,2,29.99
ORD2827,PROD6,3,44.99
ORD2827,PROD5,1,44.99
ORD2827,PROD17,2,44.99
ORD2828,PROD9,2,34.99
ORD2828,PROD17,1,39.99
ORD2828,PROD3,3,29.99
ORD2829,PROD12,3,34.99
ORD2830,PROD18,1,44.99
ORD2830,PROD3,1,34.99
ORD2831,PROD6,2,29.99
ORD2831,PROD11,2,39.99
ORD2831,PROD1,1,39.99
ORD2831,PROD4,1,29.99
ORD2832,PROD10,2,29.99
ORD2832,PROD4,3,29.99
ORD2833,PROD8,3,44.99
ORD2833,PROD10,1,44.99
ORD2834,PROD9,2,44.99
ORD2835,PROD17,2,34.99
ORD2835,PROD11,1,34.99
ORD2835,PROD13,1,34.99
ORD2835,PROD7,2,39.99
ORD2836,PROD19,2,39.99
ORD2836,PROD3,2,29.99
ORD2836,PROD20,2,39.99
ORD2836,PROD4,2,39.99
ORD2837,PROD10,2,39.99
ORD2837,PROD16,2,44.99
ORD2837,PROD4,1,44.99
ORD2838,PROD5,2,39.99
ORD2838,PROD10,2,44.99
ORD2839,PROD1,2,39.99
ORD2839,PROD19,2,39.99
ORD2839,PROD20,2,34.99
ORD2840,PROD2,3,39.99
ORD2840,PROD1,3,29.99
ORD2840,PROD3,3,44.99
ORD2841,PROD16,2,39.99
ORD2841,PROD6,2,34.99
ORD2842,PROD3,1,39.99
ORD2842,PROD12,1,34.99
ORD2842,PROD1,2,29.99
ORD2842,PROD7,3,44.99
ORD2843,PROD8,2,34.99
ORD2844,PROD14,1,34.99
ORD2844,PROD4,2,29.99
ORD2844,PROD6,3,39.99
ORD2845,PROD7,1,29.99
ORD2845,PROD15,3,29.99
ORD2846,PROD3,2,39.99
ORD2847,PROD5,3,34.99
ORD2848,PROD3,3,29.99
ORD2848,PROD7,2,29.99
ORD2848,PROD9,2,39.99
ORD2848,PROD16,1,44.99
ORD2849,PROD6,2,34.99
ORD2849,PROD5,1,34.99
ORD2849,PROD3,3,39.99
ORD2850,PROD8,2,44.99
ORD2850,PROD13,2,29.99
ORD2850,PROD3,1,44.99
ORD2850,PROD20,3,44.99
ORD2851,PROD1,1,44.99
ORD2851,PROD6,2,29.99
ORD2851,PROD3,3,29.99
ORD2851,PROD7,2,44.99
ORD2852,PROD4,1,44.99
ORD2852,PROD9,3,34.99
ORD2853,PROD9,3,39.99
ORD2853,PROD1,2,29.99
ORD2853,PROD13,2,29.99
ORD2854,PROD19,1,34.99
ORD2854,PROD20,1,34.99
ORD2854,PROD9,3,39.99
ORD2855,PROD20,3,34.99
ORD2855,PROD12,1,39.99
ORD2856,PROD8,1,39.99
ORD2857,PROD10,2,44.99
ORD2858,PROD18,1,44.99
ORD2858,PROD13,2,44.99
ORD2859,PROD5,1,44.99
ORD2860,PROD13,1,44.99
ORD2860,PROD8,1,34.99
ORD2861,PROD9,1,44.99
ORD2862,PROD9,1,39.99
ORD2863,PROD1,3,39.99
ORD2863,PROD17,2,39.99
ORD2863,PROD9,1,39.99
ORD2863,PROD10,2,44.99
ORD2864,PROD5,1,34.99
ORD2864,PROD16,2,34.99
ORD2865,PROD2,2,29.99
ORD2865,PROD5,2,29.99
ORD2865,PROD15,1,39.99
ORD2866,PROD10,2,29.99
ORD2866,PROD12,2,44.99
ORD2867,PROD18,1,39.99
ORD2867,PROD5,3,44.99
ORD2867,PROD12,3,39.99
ORD2867,PROD3,3,34.99
ORD2868,PROD1,2,39.99
ORD2869,PROD6,2,34.99
ORD2869,PROD11,2,44.99
ORD2870,PROD16,2,44.99
ORD2871,PROD20,2,44.99
ORD2871,PROD4,2,39.99
ORD2871,PROD16,3,29.99
ORD2871,PROD8,1,29.99
ORD2872,PROD14,1,34.99
ORD2872,PROD11,1,44.99
ORD2872,PROD20,1,34.99
ORD2873,PROD13,2,44.99
ORD2874,PROD2,1,39.99
ORD2875,PROD7,3,29.99
ORD2875,PROD15,3,44.99
ORD2875,PROD12,2,44.99
ORD2876,PROD5,1,29.99
ORD2877,PROD3,3,34.99
ORD2878,PROD19,1,44.99
ORD2878,PROD5,2,29.99
ORD2878,PROD6,3,29.99
ORD2878,PROD17,3,39.99
ORD2879,PROD4,2,29.99
ORD2879,PROD8,2,29.99
ORD2879,PROD20,2,34.99
ORD2879,PROD12,1,34.99
ORD2880,PROD9,1,39.99
ORD2881,PROD19,2,29.99
ORD2881,PROD5,1,34.99
ORD2881,PROD1,3,44.99
ORD2881,PROD18,1,29.99
ORD2882,PROD20,1,44.99
ORD2883,PROD4,3,39.99
ORD2883,PROD6,2,29.99
ORD2883,PROD12,1,39.99
ORD2884,PROD12,1,29.99
ORD2884,PROD2,2,44.99
ORD2885,PROD1,3,34.99
ORD2885,PROD20,1,29.99
ORD2886,PROD10,2,39.99
ORD2886,PROD12,1,44.99
ORD2886,PROD2,2,44.99
ORD2886,PROD9,1,39.99
ORD2887,PROD19,1,34.99
ORD2887,PROD7,2,39.99
ORD2887,PROD20,1,39.99
ORD2887,PROD2,2,39.99
ORD2888,PROD14,1,39.99
ORD2889,PROD19,2,29.99
ORD2889,PROD16,3,44.99
ORD2889,PROD12,2,29.99
ORD2889,PROD2,2,34.99
ORD2890,PROD4,1,29.99
ORD2891,PROD3,1,39.99
ORD2891,PROD18,1,39.99
ORD2891,PROD17,3,44.99
ORD2892,PROD2,3,34.99
ORD2892,PROD10,3,29.99
ORD2893,PROD14,1,39.99
ORD2893,PROD13,2,29.99
ORD2893,PROD7,3,34.99
ORD2893,PROD17,2,34.99
ORD2894,PROD16,2,29.99
ORD2894,PROD19,2,39.99
ORD2895,PROD19,3,44.99
ORD2895,PROD11,3,29.99
ORD2896,PROD13,1,29.99
ORD2896,PROD18,2,34.99
ORD2897,PROD16,1,34.99
ORD2898,PROD7,2,34.99
ORD2899,PROD4,3,34.99
ORD2900,PROD3,3,44.99
ORD2900,PROD4,1,29.99
ORD2900,PROD2,3,44.99
ORD2901,PROD16,1,29.99
ORD2901,PROD10,1,34.99
ORD2901,PROD12,2,44.99
ORD2902,PROD6,1,29.99
ORD2903,PROD9,3,34.99
ORD2903,PROD10,1,34.99
ORD2903,PROD11,3,29.99
ORD2903,PROD16,2,34.99
ORD2904,PROD18,1,29.99
ORD2904,PROD19,2,29.99
ORD2904,PROD20,1,34.99
ORD2905,PROD16,1,34.99
ORD2905,PROD17,2,34.99
ORD2905,PROD5,2,29.99
ORD2906,PROD13,3,34.99
ORD2907,PROD7,2,34.99
ORD2907,PROD11,2,34.99
ORD2907,PROD15,3,39.99
ORD2908,PROD5,1,34.99
ORD2908,PROD6,1,44.99
ORD2908,PROD7,2,39.99
ORD2909,PROD11,1,29.99
ORD2909,PROD13,2,44.99
ORD2909,PROD6,3,44.99
ORD2909,PROD9,3,34.99
ORD2910,PROD20,3,34.99
ORD2910,PROD18,2,44.99
ORD2911,PROD15,2,44.99
ORD2911,PROD2,1,44.99
ORD2911,PROD1,1,29.99
ORD2911,PROD16,1,34.99
ORD2912,PROD8,2,44.99
ORD2912,PROD13,2,44.99
ORD2912,PROD2,3,39.99
ORD2912,PROD10,1,34.99
ORD2913,PROD5,2,34.99
ORD2913,PROD8,1,39.99
ORD2913,PROD16,3,39.99
ORD2914,PROD5,1,34.99
ORD2915,PROD1,1,34.99
ORD2915,PROD17,1,39.99
ORD2916,PROD18,2,29.99
ORD2916,PROD6,3,44.99
ORD2916,PROD11,1,39.99
ORD2917,PROD16,3,39.99
ORD2918,PROD2,2,44.99
ORD2919,PROD5,1,44.99
ORD2919,PROD4,3,34.99
ORD2920,PROD4,3,39.99
ORD2921,PROD16,3,44.99
ORD2921,PROD15,3,39.99
ORD2921,PROD19,3,29.99
ORD2921,PROD18,1,44.99
ORD2922,PROD5,3,44.99
ORD2922,PROD17,2,39.99
ORD2923,PROD5,2,34.99
ORD2924,PROD17,3,34.99
ORD2925,PROD2,3,39.99
ORD2926,PROD12,2,29.99
ORD2926,PROD10,2,29.99
ORD2926,PROD16,3,29.99
ORD2927,PROD15,2,44.99
ORD2928,PROD11,2,34.99
ORD2929,PROD17,2,39.99
ORD2929,PROD11,3,29.99
ORD2930,PROD5,1,44.99
ORD2930,PROD10,2,39.99
ORD2931,PROD19,1,44.99
ORD2931,PROD7,1,44.99
ORD2931,PROD14,3,44.99
ORD2931,PROD12,2,29.99
ORD2932,PROD11,3,39.99
ORD2932,PROD20,2,44.99
ORD2932,PROD1,3,39.99
ORD2933,PROD7,1,44.99
ORD2933,PROD4,1,29.99
ORD2933,PROD1,1,44.99
ORD2934,PROD14,2,34.99
ORD2934,PROD19,2,44.99
ORD2935,PROD18,3,34.99
ORD2935,PROD7,3,34.99
ORD2936,PROD13,3,29.99
ORD2937,PROD2,1,34.99
ORD2937,PROD7,2,29.99
ORD2937,PROD18,1,44.99
ORD2938,PROD4,1,44.99
ORD2938,PROD18,1,29.99
ORD2938,PROD13,3,34.99
ORD2938,PROD3,1,34.99
ORD2939,PROD20,3,39.99
ORD2939,PROD9,1,34.99
ORD2939,PROD7,3,29.99
ORD2939,PROD12,1,29.99
ORD2940,PROD11,2,44.99
ORD2940,PROD3,1,34.99
ORD2941,PROD14,2,44.99
ORD2941,PROD20,2,39.99
ORD2942,PROD16,3,34.99
ORD2943,PROD13,2,39.99
ORD2944,PROD12,2,44.99
ORD2944,PROD14,2,34.99
ORD2944,PROD1,1,29.99
ORD2944,PROD3,1,39.99
ORD2945,PROD7,2,34.99
ORD2945,PROD3,3,39.99
ORD2945,PROD18,1,34.99
ORD2946,PROD4,3,39.99
ORD2946,PROD19,1,29.99
ORD2947,PROD10,2,44.99
ORD2947,PROD3,3,29.99
ORD2948,PROD8,2,29.99
ORD2948,PROD15,1,34.99
ORD2949,PROD12,2,39.99
ORD2950,PROD1,1,39.99
ORD2950,PROD13,3,39.99
ORD2950,PROD5,1,44.99
ORD2950,PROD9,1,39.99
ORD2951,PROD20,3,44.99
ORD2951,PROD11,1,39.99
ORD2952,PROD7,3,34.99
ORD2952,PROD9,1,29.99
ORD2952,PROD16,2,39.99
ORD2952,PROD4,1,39.99
ORD2953,PROD12,2,34.99
ORD2954,PROD13,1,39.99
ORD2954,PROD3,3,34.99
ORD2954,PROD4,3,34.99
ORD2954,PROD20,3,39.99
ORD2955,PROD7,1,29.99
ORD2955,PROD10,2,29.99
ORD2955,PROD2,2,39.99
ORD2955,PROD6,1,34.99
ORD2956,PROD1,2,44.99
ORD2956,PROD8,3,29.99
ORD2956,PROD12,1,39.99
ORD2956,PROD2,3,29.99
ORD2957,PROD6,1,39.99
ORD2957,PROD11,3,34.99
ORD2957,PROD8,2,34.99
ORD2957,PROD16,2,34.99
ORD2958,PROD13,2,39.99
ORD2959,PROD18,2,39.99
ORD2960,PROD12,2,39.99
ORD2960,PROD1,1,34.99
ORD2960,PROD9,2,34.99
ORD2961,PROD15,2,39.99
ORD2961,PROD3,1,44.99
ORD2961,PROD2,3,29.99
ORD2962,PROD18,2,34.99
ORD2962,PROD20,1,34.99
ORD2962,PROD6,1,34.99
ORD2962,PROD9,2,29.99
ORD2963,PROD7,2,29.99
ORD2963,PROD14,2,34.99
ORD2963,PROD4,2,29.99
ORD2964,PROD16,3,44.99
ORD2964,PROD19,2,29.99
ORD2964,PROD4,3,39.99
ORD2965,PROD2,1,29.99
ORD2966,PROD10,2,34.99
ORD2967,PROD7,2,34.99
ORD2968,PROD3,3,29.99
ORD2969,PROD18,1,39.99
ORD2970,PROD2,1,44.99
ORD2970,PROD8,2,29.99
ORD2970,PROD3,1,44.99
ORD2970,PROD17,2,34.99
ORD2971,PROD19,2,39.99
ORD2971,PROD18,3,29.99
ORD2971,PROD4,3,34.99
ORD2971,PROD9,2,44.99
ORD2972,PROD18,3,39.99
ORD2972,PROD4,1,34.99
ORD2973,PROD13,1,34.99
ORD2973,PROD2,1,39.99
ORD2974,PROD20,1,44.99
ORD2974,PROD15,2,44.99
ORD2975,PROD2,1,39.99
ORD2975,PROD11,1,29.99
ORD2976,PROD7,1,44.99
ORD2976,PROD13,2,29.99
ORD2977,PROD18,2,34.99
ORD2978,PROD11,1,39.99
ORD2978,PROD14,2,29.99
ORD2978,PROD18,3,29.99
ORD2979,PROD9,3,39.99
ORD2979,PROD12,3,29.99
ORD2980,PROD14,3,44.99
ORD2980,PROD3,1,29.99
ORD2980,PROD18,3,34.99
ORD2980,PROD17,1,44.99
ORD2981,PROD1,2,39.99
ORD2981,PROD19,2,44.99
ORD2981,PROD10,2,29.99
ORD2982,PROD1,3,34.99
ORD2983,PROD13,3,34.99
ORD2983,PROD7,2,29.99
ORD2983,PROD4,3,44.99
ORD2984,PROD5,2,44.99
ORD2984,PROD9,3,29.99
ORD2984,PROD17,1,34.99
ORD2984,PROD12,2,34.99
ORD2985,PROD19,2,29.99
ORD2986,PROD8,3,44.99
ORD2986,PROD7,2,44.99
ORD2986,PROD18,1,29.99
ORD2987,PROD16,1,44.99
ORD2987,PROD6,3,29.99
ORD2987,PROD18,1,44.99
ORD2988,PROD9,2,44.99
ORD2989,PROD12,2,29.99
ORD2989,PROD11,3,39.99
ORD2990,PROD19,2,39.99
ORD2991,PROD2,1,39.99
ORD2992,PROD15,1,34.99
ORD2992,PROD10,3,34.99
ORD2992,PROD6,2,44.99
ORD2992,PROD1,1,39.99
ORD2993,PROD20,3,34.99
ORD2993,PROD12,2,34.99
ORD2993,PROD10,1,39.99
ORD2994,PROD18,3,29.99
ORD2994,PROD20,3,34.99
ORD2994,PROD19,2,44.99
ORD2995,PROD8,3,44.99
ORD2995,PROD17,3,39.99
ORD2995,PROD5,1,29.99
ORD2996,PROD14,3,44.99
ORD2996,PROD3,2,29.99
ORD2997,PROD3,3,44.99
ORD2997,PROD2,3,39.99
ORD2997,PROD18,3,34.99
ORD2998,PROD7,2,29.99
ORD2998,PROD6,2,44.99
ORD2998,PROD17,3,34.99
ORD2999,PROD8,3,34.99
ORD2999,PROD5,3,29.99
ORD2999,PROD13,3,34.99
ORD3000,PROD13,2,39.99
ORD3001,PROD9,1,39.99
ORD3002,PROD5,2,34.99
ORD3003,PROD7,3,44.99
ORD3004,PROD4,3,34.99
ORD3005,PROD8,3,29.99
ORD3006,PROD13,1,39.99
ORD3007,PROD9,3,44.99
ORD3008,PROD14,1,29.99
ORD3008,PROD15,3,29.99
ORD3008,PROD20,1,34.99
ORD3009,PROD20,2,29.99
ORD3009,PROD11,1,44.99
ORD3010,PROD20,3,44.99
ORD3010,PROD8,1,44.99
ORD3010,PROD6,3,29.99
ORD3011,PROD4,1,44.99
ORD3011,PROD5,3,34.99
ORD3012,PROD16,1,34.99
ORD3012,PROD10,2,34.99
ORD3012,PROD20,1,29.99
ORD3013,PROD16,3,39.99
ORD3013,PROD5,1,34.99
ORD3013,PROD3,1,44.99
ORD3014,PROD18,2,44.99
ORD3014,PROD7,2,29.99
ORD3015,PROD3,2,44.99
ORD3016,PROD5,2,44.99
ORD3016,PROD4,1,39.99
ORD3017,PROD11,2,34.99
ORD3017,PROD1,3,44.99
ORD3017,PROD3,3,44.99
ORD3017,PROD10,1,39.99
ORD3018,PROD7,2,29.99
ORD3018,PROD16,3,34.99
ORD3018,PROD12,2,44.99
ORD3018,PROD9,1,34.99
ORD3019,PROD14,2,39.99
ORD3019,PROD15,1,39.99
ORD3019,PROD12,3,29.99
ORD3020,PROD10,3,44.99
ORD3021,PROD12,1,29.99
ORD3021,PROD3,3,34.99
ORD3022,PROD20,2,29.99
ORD3022,PROD1,1,29.99
ORD3023,PROD7,3,39.99
ORD3023,PROD2,2,44.99
ORD3024,PROD13,2,34.99
ORD3025,PROD6,2,34.99
ORD3025,PROD19,1,44.99
ORD3026,PROD5,1,44.99
ORD3026,PROD14,3,39.99
ORD3027,PROD1,2,29.99
ORD3027,PROD12,2,34.99
ORD3027,PROD4,3,39.99
ORD3027,PROD14,1,39.99
ORD3028,PROD10,3,29.99
ORD3029,PROD4,2,44.99
ORD3029,PROD13,2,44.99
ORD3029,PROD16,3,29.99
ORD3030,PROD7,3,39.99
ORD3030,PROD10,3,39.99
ORD3030,PROD5,3,39.99
ORD3030,PROD12,2,44.99
ORD3031,PROD12,1,44.99
ORD3032,PROD6,2,29.99
ORD3033,PROD10,2,34.99
ORD3034,PROD16,1,39.99
ORD3034,PROD10,1,29.99
ORD3034,PROD3,1,39.99
ORD3034,PROD15,1,29.99
ORD3035,PROD5,2,29.99
ORD3035,PROD11,2,39.99
ORD3036,PROD5,1,39.99
ORD3036,PROD6,1,44.99
ORD3036,PROD13,3,39.99
ORD3037,PROD19,3,29.99
ORD3037,PROD15,1,29.99
ORD3037,PROD1,1,29.99
ORD3038,PROD12,2,29.99
ORD3038,PROD17,3,34.99
ORD3038,PROD20,3,34.99
ORD3038,PROD13,2,44.99
ORD3039,PROD2,2,29.99
ORD3039,PROD14,3,29.99
ORD3040,PROD10,3,39.99
ORD3040,PROD16,3,34.99
ORD3040,PROD18,2,39.99
ORD3040,PROD6,2,34.99
ORD3041,PROD19,3,39.99
ORD3041,PROD13,1,39.99
ORD3041,PROD1,3,34.99
ORD3042,PROD3,3,29.99
ORD3042,PROD15,3,44.99
ORD3042,PROD17,3,39.99
ORD3042,PROD16,1,44.99
ORD3043,PROD14,2,39.99
ORD3043,PROD8,2,39.99
ORD3043,PROD13,3,44.99
ORD3044,PROD5,3,39.99
ORD3045,PROD9,1,29.99
ORD3045,PROD10,1,44.99
ORD3046,PROD12,1,39.99
ORD3046,PROD15,2,34.99
ORD3046,PROD6,3,39.99
ORD3046,PROD2,3,44.99
ORD3047,PROD14,1,39.99
ORD3048,PROD18,3,44.99
ORD3048,PROD16,1,44.99
ORD3048,PROD14,1,29.99
ORD3048,PROD19,1,44.99
ORD3049,PROD9,3,29.99
ORD3049,PROD11,3,39.99
ORD3049,PROD8,1,44.99
ORD3049,PROD17,1,44.99
ORD3050,PROD9,2,44.99
ORD3051,PROD19,3,34.99
ORD3051,PROD1,3,44.99
ORD3051,PROD12,1,29.99
ORD3052,PROD6,1,29.99
ORD3052,PROD14,2,44.99
ORD3052,PROD11,1,29.99
ORD3053,PROD5,1,44.99
ORD3054,PROD9,3,29.99
ORD3054,PROD17,2,39.99
ORD3054,PROD18,1,29.99
ORD3055,PROD12,3,34.99
ORD3055,PROD13,1,39.99
ORD3055,PROD1,1,39.99
ORD3055,PROD16,3,29.99
ORD3056,PROD14,1,34.99
ORD3056,PROD15,2,29.99
ORD3057,PROD11,1,39.99
ORD3057,PROD5,2,44.99
ORD3057,PROD1,2,39.99
ORD3058,PROD3,1,34.99
ORD3059,PROD9,3,34.99
ORD3059,PROD17,3,39.99
ORD3059,PROD2,2,34.99
ORD3060,PROD2,1,29.99
ORD3060,PROD20,3,39.99
ORD3061,PROD11,1,44.99
ORD3062,PROD12,2,39.99
ORD3063,PROD4,3,39.99
ORD3063,PROD7,1,29.99
ORD3064,PROD17,3,44.99
ORD3064,PROD12,2,44.99
ORD3065,PROD3,2,29.99
ORD3065,PROD5,1,44.99
ORD3066,PROD18,3,34.99
ORD3067,PROD16,3,29.99
ORD3067,PROD8,3,44.99
ORD3067,PROD20,3,44.99
ORD3068,PROD18,2,29.99
ORD3069,PROD12,3,29.99
ORD3069,PROD14,2,34.99
ORD3069,PROD20,1,34.99
ORD3069,PROD7,1,39.99
ORD3070,PROD14,3,44.99
ORD3070,PROD8,1,39.99
ORD3071,PROD16,1,34.99
ORD3071,PROD4,2,29.99
ORD3071,PROD14,3,29.99
ORD3072,PROD17,1,34.99
ORD3072,PROD18,1,34.99
ORD3073,PROD9,2,29.99
ORD3073,PROD15,2,29.99
ORD3073,PROD1,3,44.99
ORD3073,PROD16,2,39.99
ORD3074,PROD3,2,39.99
ORD3075,PROD18,1,34.99
ORD3075,PROD5,3,29.99
ORD3075,PROD15,3,44.99
ORD3076,PROD6,2,29.99
ORD3076,PROD11,2,44.99
ORD3077,PROD18,3,44.99
ORD3077,PROD10,1,39.99
ORD3078,PROD17,2,29.99
ORD3078,PROD19,1,39.99
ORD3078,PROD10,1,44.99
ORD3078,PROD7,2,39.99
ORD3079,PROD5,2,39.99
ORD3079,PROD14,1,39.99
ORD3080,PROD7,3,34.99
ORD3080,PROD13,2,29.99
ORD3080,PROD8,3,29.99
ORD3081,PROD19,3,44.99
ORD3082,PROD20,1,29.99
ORD3082,PROD2,1,39.99
ORD3082,PROD3,1,39.99
ORD3082,PROD7,1,44.99
ORD3083,PROD16,3,34.99
ORD3083,PROD7,2,39.99
ORD3084,PROD3,2,44.99
ORD3085,PROD18,1,44.99
ORD3086,PROD9,3,34.99
ORD3086,PROD8,3,29.99
ORD3086,PROD19,2,44.99
ORD3086,PROD11,3,34.99
ORD3087,PROD1,3,39.99
ORD3087,PROD19,1,34.99
ORD3087,PROD9,1,44.99
ORD3088,PROD16,1,29.99
ORD3089,PROD3,2,44.99
ORD3089,PROD19,2,39.99
ORD3089,PROD13,1,44.99
ORD3089,PROD10,2,29.99
ORD3090,PROD10,3,29.99
ORD3090,PROD13,1,34.99
ORD3090,PROD1,2,39.99
ORD3091,PROD15,2,34.99
ORD3091,PROD5,2,34.99
ORD3091,PROD13,1,39.99
ORD3091,PROD20,1,39.99
ORD3092,PROD9,3,29.99
ORD3092,PROD8,3,29.99
ORD3093,PROD3,3,29.99
ORD3093,PROD5,1,39.99
ORD3093,PROD1,3,34.99
ORD3093,PROD2,3,44.99
ORD3094,PROD13,2,44.99
ORD3095,PROD7,3,39.99
ORD3095,PROD4,3,39.99
ORD3096,PROD19,1,39.99
ORD3096,PROD4,3,29.99
ORD3096,PROD12,3,39.99
ORD3096,PROD1,1,44.99
ORD3097,PROD19,3,29.99
ORD3097,PROD18,3,39.99
ORD3098,PROD4,2,44.99
ORD3098,PROD2,2,29.99
ORD3098,PROD16,1,39.99
ORD3099,PROD15,3,44.99
ORD3100,PROD15,1,29.99
ORD3100,PROD7,3,29.99
ORD3101,PROD6,1,34.99
ORD3101,PROD20,2,39.99
ORD3102,PROD1,2,34.99
ORD3102,PROD5,1,39.99
ORD3102,PROD20,2,39.99
ORD3103,PROD5,3,39.99
ORD3103,PROD18,1,39.99
ORD3104,PROD10,2,34.99
ORD3105,PROD15,1,34.99
ORD3105,PROD10,2,34.99
ORD3106,PROD20,3,34.99
ORD3106,PROD10,3,44.99
ORD3106,PROD5,3,44.99
ORD3107,PROD7,1,39.99
ORD3108,PROD8,3,29.99
ORD3108,PROD9,1,44.99
ORD3109,PROD16,1,34.99
ORD3109,PROD4,3,39.99
ORD3109,PROD1,3,34.99
ORD3110,PROD19,3,44.99
ORD3110,PROD13,3,44.99
ORD3110,PROD4,2,34.99
ORD3110,PROD15,1,39.99
ORD3111,PROD20,1,39.99
ORD3112,PROD12,2,34.99
ORD3112,PROD11,2,29.99
ORD3112,PROD7,2,34.99
ORD3112,PROD20,1,44.99
ORD3113,PROD15,2,34.99
ORD3113,PROD3,3,44.99
ORD3113,PROD8,2,39.99
ORD3114,PROD12,3,29.99
ORD3114,PROD2,3,34.99
ORD3114,PROD7,1,39.99
ORD3115,PROD1,1,39.99
ORD3115,PROD6,1,34.99
ORD3115,PROD13,1,39.99
ORD3116,PROD1,2,29.99
ORD3116,PROD16,2,34.99
ORD3116,PROD8,2,29.99
ORD3116,PROD7,1,29.99
ORD3117,PROD14,3,34.99
ORD3117,PROD5,1,44.99
ORD3118,PROD13,2,39.99
ORD3118,PROD11,2,34.99
ORD3118,PROD20,2,44.99
ORD3119,PROD9,2,44.99
ORD3119,PROD6,1,44.99
ORD3119,PROD14,1,34.99
ORD3119,PROD8,3,29.99
ORD3120,PROD9,2,39.99
ORD3121,PROD17,1,44.99
ORD3121,PROD18,2,29.99
ORD3121,PROD19,2,34.99
ORD3122,PROD9,3,34.99
ORD3122,PROD16,3,29.99
ORD3122,PROD13,1,34.99
ORD3122,PROD4,2,39.99
ORD3123,PROD14,2,44.99
ORD3124,PROD15,1,34.99
ORD3124,PROD11,3,29.99
ORD3124,PROD17,2,34.99
ORD3124,PROD19,2,44.99
ORD3125,PROD18,2,34.99
ORD3125,PROD14,3,44.99
ORD3125,PROD17,2,29.99
ORD3126,PROD18,3,29.99
ORD3126,PROD16,3,39.99
ORD3126,PROD1,2,29.99
ORD3126,PROD4,3,29.99
ORD3127,PROD8,1,39.99
ORD3127,PROD1,3,39.99
ORD3128,PROD12,2,29.99
ORD3128,PROD20,3,29.99
ORD3128,PROD9,3,29.99
ORD3128,PROD6,3,44.99
ORD3129,PROD14,2,44.99
ORD3129,PROD13,3,39.99
ORD3129,PROD11,1,44.99
ORD3129,PROD19,3,44.99
ORD3130,PROD3,3,29.99
ORD3130,PROD14,2,29.99
ORD3130,PROD13,1,44.99
ORD3130,PROD9,1,29.99
ORD3131,PROD16,1,39.99
ORD3131,PROD12,1,39.99
ORD3131,PROD11,2,29.99
ORD3132,PROD16,2,39.99
ORD3132,PROD13,1,44.99
ORD3133,PROD12,2,39.99
ORD3133,PROD6,2,44.99
ORD3134,PROD10,3,29.99
ORD3135,PROD8,3,29.99
ORD3136,PROD16,2,29.99
ORD3136,PROD5,3,44.99
ORD3137,PROD6,2,44.99
ORD3137,PROD16,2,29.99
ORD3137,PROD2,1,44.99
ORD3138,PROD13,3,44.99
ORD3138,PROD3,1,44.99
ORD3138,PROD10,2,34.99
ORD3139,PROD2,3,34.99
ORD3139,PROD9,2,44.99
ORD3140,PROD15,1,39.99
ORD3140,PROD14,2,44.99
ORD3140,PROD17,1,39.99
ORD3141,PROD16,3,34.99
ORD3141,PROD19,1,29.99
ORD3141,PROD12,2,44.99
ORD3141,PROD4,1,39.99
ORD3142,PROD9,1,44.99
ORD3142,PROD5,2,44.99
ORD3142,PROD8,2,39.99
ORD3142,PROD16,2,44.99
ORD3143,PROD3,1,29.99
ORD3143,PROD11,1,39.99
ORD3144,PROD2,2,44.99
ORD3144,PROD17,3,44.99
ORD3144,PROD8,3,39.99
ORD3145,PROD11,2,44.99
ORD3146,PROD14,1,39.99
ORD3146,PROD19,3,34.99
ORD3146,PROD18,2,34.99
ORD3146,PROD9,3,29.99
ORD3147,PROD6,2,29.99
ORD3148,PROD13,1,34.99
ORD3148,PROD15,2,29.99
ORD3149,PROD10,3,44.99
ORD3149,PROD14,1,29.99
ORD3149,PROD9,1,34.99
ORD3150,PROD3,3,39.99
ORD3150,PROD1,2,29.99
ORD3150,PROD5,1,34.99
ORD3150,PROD2,2,29.99
ORD3151,PROD6,1,34.99
ORD3151,PROD1,2,39.99
ORD3151,PROD13,1,34.99
ORD3152,PROD4,1,29.99
ORD3152,PROD9,2,44.99
ORD3152,PROD5,1,34.99
ORD3153,PROD8,3,39.99
ORD3154,PROD10,3,29.99
ORD3155,PROD4,1,39.99
ORD3156,PROD11,2,44.99
ORD3156,PROD8,2,34.99
ORD3157,PROD14,2,29.99
ORD3157,PROD7,2,29.99
ORD3158,PROD3,3,34.99
ORD3159,PROD13,1,34.99
ORD3159,PROD12,2,44.99
ORD3160,PROD10,3,39.99
ORD3160,PROD7,3,29.99
ORD3160,PROD5,1,34.99
ORD3161,PROD2,3,29.99
ORD3162,PROD13,3,44.99
ORD3162,PROD17,1,44.99
ORD3162,PROD20,2,39.99
ORD3162,PROD19,2,39.99
ORD3163,PROD5,3,44.99
ORD3164,PROD20,1,44.99
ORD3164,PROD13,3,44.99
ORD3164,PROD10,1,44.99
ORD3165,PROD1,1,44.99
ORD3165,PROD12,1,29.99
ORD3166,PROD19,3,29.99
ORD3166,PROD17,3,34.99
ORD3167,PROD5,1,29.99
ORD3167,PROD12,3,44.99
ORD3167,PROD16,3,44.99
ORD3168,PROD15,3,34.99
ORD3168,PROD5,3,39.99
ORD3168,PROD16,1,44.99
ORD3168,PROD4,3,29.99
ORD3169,PROD7,1,39.99
ORD3170,PROD13,2,29.99
ORD3170,PROD9,1,44.99
ORD3170,PROD11,1,34.99
ORD3171,PROD13,1,44.99
ORD3171,PROD2,3,34.99
ORD3171,PROD6,3,44.99
ORD3171,PROD15,1,44.99
ORD3172,PROD4,2,39.99
ORD3172,PROD10,3,44.99
ORD3172,PROD15,1,44.99
ORD3172,PROD3,1,34.99
ORD3173,PROD12,2,29.99
ORD3173,PROD18,2,29.99
ORD3174,PROD11,3,34.99
ORD3175,PROD13,1,29.99
ORD3175,PROD16,3,39.99
ORD3175,PROD11,3,39.99
ORD3175,PROD14,3,44.99
ORD3176,PROD17,3,29.99
ORD3176,PROD14,1,34.99
ORD3176,PROD15,3,34.99
ORD3177,PROD13,2,39.99
ORD3177,PROD4,2,39.99
ORD3177,PROD2,1,34.99
ORD3177,PROD5,3,29.99
ORD3178,PROD7,2,39.99
ORD3178,PROD8,3,34.99
ORD3178,PROD19,2,39.99
ORD3178,PROD17,2,44.99
ORD3179,PROD17,2,39.99
ORD3179,PROD1,1,39.99
ORD3179,PROD18,3,34.99
ORD3180,PROD18,1,39.99
ORD3180,PROD9,1,34.99
ORD3180,PROD4,3,34.99
ORD3180,PROD8,1,39.99
ORD3181,PROD17,2,44.99
ORD3181,PROD5,2,34.99
ORD3181,PROD9,2,34.99
ORD3182,PROD19,3,34.99
ORD3182,PROD7,3,44.99
ORD3182,PROD2,1,29.99
ORD3183,PROD19,3,34.99
ORD3183,PROD6,2,29.99
ORD3184,PROD15,3,44.99
ORD3185,PROD6,2,39.99
ORD3185,PROD16,3,29.99
ORD3185,PROD2,3,44.99
ORD3185,PROD14,2,44.99
ORD3186,PROD2,2,34.99
ORD3186,PROD14,3,29.99
ORD3186,PROD11,2,44.99
ORD3187,PROD5,2,34.99
ORD3187,PROD19,2,29.99
ORD3188,PROD2,1,39.99
ORD3189,PROD18,1,29.99
ORD3190,PROD12,3,44.99
ORD3190,PROD11,1,39.99
ORD3191,PROD16,1,34.99
ORD3191,PROD2,1,39.99
ORD3191,PROD9,2,29.99
ORD3191,PROD18,1,34.99
ORD3192,PROD3,3,44.99
ORD3192,PROD5,3,34.99
ORD3192,PROD4,1,29.99
ORD3193,PROD7,2,44.99
ORD3193,PROD8,1,44.99
ORD3193,PROD2,2,39.99
ORD3193,PROD6,2,29.99
ORD3194,PROD19,2,39.99
ORD3194,PROD16,2,39.99
ORD3195,PROD7,2,39.99
ORD3196,PROD11,2,39.99
ORD3197,PROD1,3,39.99
ORD3197,PROD14,3,39.99
ORD3197,PROD8,2,44.99
ORD3198,PROD7,2,29.99
ORD3199,PROD17,2,39.99
